topology.workers,component.bolt_num,topology.acker.executors,message.size,component.spout_num,topology.serialized.message.size.metrics,topology.max.spout.pending,storm.messaging.netty.min_wait_ms,topology.transfer.buffer.size,storm.messaging.netty.max_wait_ms,topology.level,topology.priority,<$latency,<$latency
4,1,4,10,10,0,1000,10,512,100,5,29,16296,16296
4,10,2,10,10,1,1,10,512,100,5,0,14,14
2,10,2,1000000,1,1,1000,10,512,100,2,29,265,265
4,1,4,10,10,0,1000,10,1024,100,2,29,18127,18127
2,10,4,10,1,1,1,10,512,100,5,0,1,1
4,10,4,10,10,0,1,1000,1024,10000,5,0,17,17
4,1,4,1000000,10,0,1000,10,1024,100,2,29,15733,15733
4,10,2,10,10,0,1000,10,1024,100,2,29,21691,21691
4,10,2,10,1,0,1000,10,1024,100,2,29,732,732
4,1,2,10,10,0,1000,10,512,100,5,29,20522,20522
2,10,4,10,1,0,1,10,512,100,2,29,2,2
4,1,2,10,10,1,1,10,512,100,2,0,13,13
2,1,4,1000000,1,0,1,1000,512,10000,5,0,1,1
2,1,2,10,10,1,1,1000,1024,10000,5,29,5,5
2,1,2,1000000,1,1,1000,10,1024,100,2,29,303,303
4,10,4,1000000,1,0,1,1000,512,10000,2,29,3,3
2,1,4,1000000,1,0,1000,10,512,100,2,0,297,297
4,1,2,1000000,10,1,1000,1000,1024,10000,2,29,17984,17984
4,1,4,10,10,1,1000,1000,1024,10000,2,0,16549,16549
4,10,4,1000000,1,0,1,1000,512,10000,2,0,3,3
2,1,4,1000000,10,1,1,1000,512,10000,5,0,6,6
2,1,4,1000000,1,1,1,10,1024,100,5,0,1,1
2,1,2,1000000,10,1,1,1000,512,10000,5,0,6,6
4,1,4,10,1,1,1,1000,1024,10000,2,0,3,3
2,10,4,1000000,10,0,1000,10,1024,100,5,29,9838,9838
2,10,4,1000000,10,0,1,10,1024,100,5,29,6,6
4,10,2,1000000,10,1,1,10,1024,100,2,0,14,14
2,1,4,1000000,1,1,1000,10,1024,100,5,29,268,268
4,1,4,10,10,1,1,10,512,100,5,29,13,13
4,1,4,10,10,1,1,10,1024,100,2,0,13,13
2,1,4,10,1,1,1000,10,1024,100,5,0,262,262
2,1,4,10,10,1,1,1000,1024,10000,2,29,6,6
4,10,4,1000000,10,1,1,1000,512,10000,2,0,15,15
4,1,2,1000000,1,0,1,10,512,100,2,29,3,3
4,1,4,10,10,1,1,1000,1024,10000,2,0,14,14
2,10,4,1000000,1,0,1000,1000,512,10000,5,29,270,270
4,1,2,1000000,10,1,1,1000,1024,10000,5,29,13,13
4,10,2,1000000,10,1,1,1000,512,10000,5,0,12,12
2,1,4,1000000,10,1,1000,10,1024,100,5,0,12231,12231
2,1,4,1000000,1,1,1000,10,512,100,5,29,253,253
4,10,2,1000000,10,0,1000,10,512,100,5,0,21651,21651
2,10,4,10,10,0,1,1000,1024,10000,2,29,6,6
4,10,2,10,1,0,1,1000,1024,10000,5,29,3,3
2,10,4,1000000,10,1,1,1000,512,10000,2,0,6,6
2,10,4,10,1,1,1,10,1024,100,2,29,1,1
4,1,2,1000000,1,0,1000,10,512,100,2,0,712,712
4,10,4,1000000,1,0,1000,1000,512,10000,2,29,754,754
2,10,4,1000000,10,1,1000,1000,512,10000,2,29,10231,10231
4,1,4,1000000,10,1,1,10,512,100,2,29,14,14
2,10,4,1000000,10,1,1000,1000,512,10000,2,0,11517,11517
2,1,2,1000000,1,0,1000,1000,512,10000,5,0,380,380
4,10,2,1000000,1,0,1,10,512,100,5,29,3,3
4,1,2,1000000,1,0,1,1000,1024,10000,2,29,3,3
4,1,4,1000000,1,0,1,10,512,100,5,0,3,3
2,1,4,1000000,1,0,1,1000,1024,10000,2,0,1,1
2,10,4,1000000,10,0,1,10,512,100,2,29,6,6
4,1,2,1000000,10,1,1,10,512,100,2,29,14,14
4,1,4,1000000,1,1,1,1000,512,10000,2,29,3,3
2,10,4,10,1,0,1000,1000,512,10000,5,29,299,299
4,1,4,1000000,10,1,1,1000,1024,10000,2,0,13,13
4,1,2,10,1,0,1,1000,512,10000,5,0,3,3
4,10,4,1000000,10,0,1,1000,1024,10000,5,0,14,14
2,10,2,1000000,1,1,1000,10,512,100,5,0,258,258
4,10,4,10,1,0,1000,10,512,100,2,0,648,648
4,10,4,1000000,10,1,1,10,1024,100,2,29,13,13
4,10,2,10,10,1,1000,10,1024,100,2,0,28816,28816
2,1,4,10,10,1,1000,10,1024,100,5,0,10844,10844
2,10,4,10,10,1,1000,10,512,100,2,0,12068,12068
2,1,4,10,1,1,1,1000,1024,10000,5,0,1,1
2,1,2,10,1,1,1,10,1024,100,5,29,1,1
2,1,4,10,10,1,1,1000,512,10000,2,0,6,6
2,10,4,10,1,1,1000,1000,512,10000,2,29,309,309
4,1,2,1000000,1,0,1000,1000,1024,10000,5,0,844,844
2,10,2,10,10,1,1,10,512,100,2,29,5,5
2,1,4,1000000,10,1,1000,10,1024,100,2,0,11469,11469
2,1,4,10,10,0,1000,10,1024,100,5,29,9749,9749
2,1,2,10,1,1,1000,1000,512,10000,2,29,264,264
4,10,4,10,1,1,1000,10,512,100,2,0,999,999
4,1,4,1000000,10,0,1,10,1024,100,5,0,14,14
2,1,2,10,10,0,1,1000,1024,10000,2,0,5,5
2,10,2,10,1,0,1,10,512,100,5,29,1,1
4,10,2,1000000,10,1,1000,1000,512,10000,2,29,21275,21275
4,10,2,10,10,1,1000,10,1024,100,5,29,20308,20308
2,10,2,1000000,10,0,1000,1000,1024,10000,5,29,21379,21379
4,10,4,1000000,10,0,1000,1000,1024,10000,5,0,17233,17233
2,1,4,1000000,10,1,1,10,1024,100,2,29,5,5
4,10,2,1000000,1,0,1,10,1024,100,5,0,3,3
4,10,2,10,10,1,1000,1000,512,10000,2,29,23952,23952
4,1,2,1000000,10,0,1000,1000,512,10000,5,0,22917,22917
2,1,2,10,1,0,1000,1000,1024,10000,5,0,280,280
4,1,4,1000000,10,1,1000,10,1024,100,2,0,20941,20941
4,10,2,1000000,1,0,1,10,1024,100,2,0,3,3
4,1,2,10,10,0,1000,10,1024,100,5,29,19226,19226
2,1,4,1000000,10,0,1000,10,512,100,2,29,12447,12447
2,1,2,10,1,0,1,1000,512,10000,2,29,2,2
2,10,4,1000000,1,1,1000,10,1024,100,5,0,267,267
2,10,4,10,10,0,1000,10,1024,100,2,0,10100,10100
4,10,4,1000000,10,0,1,10,512,100,5,29,15,15
2,10,4,1000000,10,0,1000,1000,1024,10000,5,29,10157,10157
2,1,2,10,1,0,1000,1000,1024,10000,2,0,324,324
2,10,2,1000000,10,0,1000,10,512,100,5,29,18244,18244
4,10,2,1000000,10,0,1000,1000,512,10000,5,0,22742,22742
4,10,2,10,1,1,1000,10,1024,100,5,29,917,917
2,1,2,10,1,1,1000,10,512,100,5,0,319,319
2,10,4,1000000,10,1,1000,10,512,100,2,29,8988,8988
4,1,2,10,10,0,1000,10,512,100,5,0,22656,22656
4,10,2,1000000,1,1,1,1000,1024,10000,2,0,3,3
2,10,4,10,1,0,1,1000,512,10000,5,0,2,2
2,1,2,10,10,0,1,10,1024,100,5,0,5,5
2,1,4,1000000,10,1,1,10,1024,100,5,0,6,6
2,1,2,1000000,1,1,1,1000,1024,10000,2,29,2,2
2,1,4,10,1,0,1000,1000,512,10000,5,0,260,260
2,10,2,10,1,0,1,10,1024,100,2,0,1,1
4,1,4,10,1,1,1,1000,1024,10000,5,0,3,3
2,10,4,10,1,1,1000,10,1024,100,5,0,259,259
4,10,4,1000000,10,0,1,10,1024,100,5,0,15,15
4,10,2,10,10,0,1,10,1024,100,2,0,15,15
2,1,2,1000000,1,1,1,10,1024,100,2,29,2,2
4,1,2,10,1,1,1000,1000,1024,10000,2,0,627,627
2,10,2,10,10,1,1,1000,512,10000,5,29,5,5
4,1,4,1000000,1,1,1000,10,1024,100,2,29,618,618
4,10,4,10,10,1,1000,1000,512,10000,2,0,20130,20130
4,1,4,10,1,1,1,1000,512,10000,2,29,3,3
2,1,2,1000000,1,1,1000,1000,512,10000,5,0,302,302
4,1,2,10,1,0,1000,1000,1024,10000,5,0,747,747
4,10,4,10,1,1,1,10,512,100,5,29,3,3
4,1,4,10,1,1,1000,10,512,100,2,29,784,784
4,1,2,1000000,10,0,1,1000,512,10000,2,0,13,13
2,10,2,1000000,10,1,1,1000,1024,10000,5,0,6,6
2,1,2,1000000,10,1,1000,10,1024,100,2,29,20518,20518
2,1,2,10,1,0,1000,10,512,100,5,0,281,281
4,10,4,1000000,1,0,1,10,512,100,2,29,3,3
4,1,2,1000000,1,0,1,10,1024,100,5,29,3,3
4,1,2,1000000,1,1,1000,1000,512,10000,5,29,706,706
4,1,4,10,1,0,1,1000,1024,10000,2,29,3,3
4,1,4,10,1,1,1000,10,1024,100,2,0,664,664
4,1,4,10,10,0,1000,10,1024,100,5,29,19031,19031
4,1,2,1000000,1,1,1,10,512,100,5,0,3,3
4,1,2,1000000,10,0,1000,1000,512,10000,2,0,19536,19536
2,10,2,10,10,1,1000,1000,1024,10000,2,0,19155,19155
4,10,4,1000000,10,1,1000,10,1024,100,5,29,16376,16376
2,1,2,1000000,1,0,1,10,512,100,5,29,2,2
4,1,2,1000000,10,0,1,10,1024,100,5,29,14,14
2,1,2,1000000,1,0,1,10,1024,100,5,29,1,1
4,1,4,10,1,1,1,1000,1024,10000,2,29,3,3
4,1,2,10,1,1,1000,1000,512,10000,5,29,741,741
4,10,4,10,10,1,1000,1000,1024,10000,5,29,18115,18115
2,1,2,1000000,1,0,1,1000,512,10000,2,29,1,1
4,10,4,10,1,0,1000,1000,512,10000,2,29,777,777
2,10,4,10,10,0,1,1000,512,10000,2,29,6,6
2,10,2,1000000,1,0,1000,10,512,100,2,29,308,308
4,10,4,10,1,1,1,10,1024,100,2,29,3,3
4,10,4,10,1,1,1,1000,1024,10000,2,29,3,3
4,1,4,1000000,1,0,1000,10,1024,100,5,0,765,765
2,10,2,1000000,10,0,1,10,1024,100,2,0,6,6
2,10,2,1000000,10,1,1000,1000,1024,10000,5,29,17734,17734
2,1,2,10,10,1,1,10,1024,100,5,0,6,6
4,1,4,10,1,0,1000,1000,512,10000,2,29,663,663
2,1,4,1000000,10,0,1000,10,1024,100,2,29,9169,9169
2,10,2,1000000,1,0,1,1000,1024,10000,2,0,2,2
4,10,2,10,10,0,1000,1000,512,10000,5,29,20885,20885
4,1,2,10,10,1,1000,1000,512,10000,5,29,19939,19939
4,1,2,10,10,1,1000,10,512,100,5,29,21748,21748
2,1,2,10,1,0,1000,1000,1024,10000,2,29,304,304
4,10,2,10,1,0,1,1000,512,10000,5,0,3,3
4,1,2,1000000,1,1,1000,10,1024,100,5,29,661,661
4,1,4,10,1,1,1000,10,512,100,2,0,760,760
2,10,2,1000000,1,1,1000,1000,1024,10000,5,29,241,241
4,10,2,1000000,10,0,1000,10,512,100,2,0,23078,23078
2,1,2,1000000,1,0,1000,10,512,100,2,0,286,286
4,1,2,10,1,0,1000,10,1024,100,2,0,777,777
2,10,2,1000000,10,0,1000,10,1024,100,5,0,18733,18733
2,10,4,10,1,0,1,10,512,100,2,0,2,2
4,10,2,1000000,10,0,1,10,1024,100,2,29,15,15
4,10,2,10,1,1,1000,10,1024,100,2,0,654,654
2,10,4,1000000,10,0,1000,1000,512,10000,2,0,9016,9016
2,1,4,10,10,0,1,10,512,100,2,0,6,6
2,1,2,10,10,0,1,1000,512,10000,5,29,5,5
4,10,2,1000000,1,0,1000,1000,512,10000,5,29,678,678
2,1,4,1000000,1,0,1000,10,1024,100,5,0,272,272
4,1,4,1000000,10,1,1,10,512,100,5,0,14,14
4,10,4,1000000,10,1,1,1000,1024,10000,5,29,17,17
4,10,4,10,10,0,1,10,1024,100,5,29,16,16
4,1,2,1000000,1,0,1000,10,1024,100,2,0,710,710
4,10,4,10,1,0,1,1000,512,10000,2,0,3,3
4,1,4,1000000,10,0,1000,1000,1024,10000,5,29,14712,14712
4,1,2,10,1,1,1000,1000,512,10000,2,29,679,679
2,10,4,1000000,10,1,1,1000,1024,10000,2,0,6,6
2,1,2,10,10,1,1000,10,512,100,5,29,17994,17994
4,1,2,1000000,10,0,1,1000,1024,10000,5,29,16,16
2,10,4,1000000,1,1,1000,1000,512,10000,5,0,243,243
2,1,4,1000000,1,0,1,1000,512,10000,2,29,1,1
4,1,4,10,1,1,1000,10,512,100,5,29,712,712
2,10,2,1000000,1,0,1,10,512,100,5,0,1,1
2,1,4,10,10,1,1000,1000,1024,10000,2,29,8344,8344
2,10,2,1000000,10,1,1000,1000,1024,10000,5,0,24239,24239
4,10,2,10,1,1,1,10,512,100,5,0,3,3
4,10,4,1000000,10,1,1000,1000,512,10000,2,0,20130,20130
4,10,4,10,1,1,1,10,512,100,2,0,3,3
4,10,2,1000000,10,1,1,10,512,100,2,0,14,14
4,1,2,1000000,10,1,1000,10,1024,100,5,29,21252,21252
4,1,4,10,1,0,1,10,1024,100,5,29,3,3
4,1,4,10,1,0,1000,10,512,100,2,29,807,807
4,1,2,1000000,1,0,1000,10,1024,100,5,0,697,697
2,1,4,1000000,10,0,1000,1000,1024,10000,2,0,11469,11469
4,10,4,10,10,1,1,10,1024,100,5,0,14,14
2,10,2,10,10,0,1,10,1024,100,2,0,6,6
4,10,4,10,10,0,1000,1000,512,10000,5,29,15894,15894
4,10,2,10,1,0,1,10,1024,100,2,0,3,3
4,1,4,1000000,10,0,1,1000,512,10000,5,29,14,14
4,10,2,10,10,0,1,10,1024,100,2,29,16,16
4,1,4,10,10,0,1,1000,1024,10000,2,29,15,15
2,10,4,10,1,0,1000,1000,1024,10000,2,29,278,278
4,1,2,1000000,1,0,1000,1000,512,10000,2,29,884,884
4,1,4,1000000,10,1,1000,1000,512,10000,5,29,17501,17501
4,10,2,10,10,0,1,1000,1024,10000,5,29,13,13
2,10,2,1000000,10,0,1,1000,512,10000,2,0,6,6
2,1,2,10,1,0,1,10,512,100,2,29,2,2
2,10,2,1000000,1,0,1000,1000,1024,10000,2,0,281,281
4,10,4,10,1,0,1,1000,1024,10000,2,0,3,3
2,10,4,1000000,10,0,1000,10,1024,100,2,0,8620,8620
4,1,4,1000000,1,1,1000,1000,512,10000,2,29,673,673
2,1,2,1000000,10,0,1,10,1024,100,2,29,5,5
2,10,2,1000000,1,0,1,10,1024,100,5,0,1,1
2,10,2,10,1,0,1000,10,512,100,2,0,270,270
2,10,2,1000000,10,1,1000,1000,1024,10000,2,0,16925,16925
4,1,2,1000000,1,1,1000,10,512,100,5,0,715,715
4,1,4,10,1,1,1,10,1024,100,2,0,4,4
2,1,2,10,10,1,1,1000,512,10000,5,0,5,5
4,1,4,10,1,0,1,1000,512,10000,5,29,3,3
2,10,4,1000000,1,0,1000,10,1024,100,5,0,255,255
4,1,2,1000000,10,1,1,10,1024,100,5,0,20,20
4,1,2,1000000,1,0,1,1000,512,10000,5,0,3,3
2,10,2,1000000,10,1,1000,10,512,100,2,0,14750,14750
2,1,2,1000000,1,1,1,10,512,100,2,29,1,1
2,10,4,10,10,1,1000,10,1024,100,2,29,7825,7825
4,10,4,10,10,0,1,1000,512,10000,2,0,15,15
2,10,4,1000000,1,0,1,10,1024,100,5,29,1,1
2,1,2,10,10,1,1000,10,512,100,2,0,15721,15721
4,1,2,10,1,0,1000,1000,1024,10000,2,0,692,692
2,10,4,1000000,1,1,1000,1000,1024,10000,2,29,321,321
2,10,4,1000000,10,1,1000,10,512,100,2,0,9767,9767
4,1,4,10,10,1,1000,1000,512,10000,5,29,14751,14751
2,10,2,10,10,1,1000,1000,1024,10000,5,0,15369,15369
2,10,2,10,1,0,1000,10,512,100,5,0,292,292
2,1,2,1000000,1,1,1,10,512,100,5,29,1,1
2,10,2,1000000,1,1,1,10,512,100,2,29,2,2
4,1,4,1000000,10,1,1,10,512,100,5,29,14,14
2,10,2,10,1,1,1,10,512,100,5,0,2,2
2,1,4,1000000,10,1,1000,1000,1024,10000,2,0,7895,7895
2,10,4,1000000,10,1,1,1000,512,10000,2,29,6,6
2,1,4,10,10,1,1,10,512,100,5,0,6,6
2,10,4,10,10,1,1000,10,512,100,5,29,8890,8890
4,1,2,10,10,1,1000,1000,512,10000,2,29,18232,18232
4,10,2,1000000,10,0,1000,10,512,100,2,29,18270,18270
4,1,2,1000000,1,0,1,1000,1024,10000,5,29,3,3
2,1,4,1000000,1,0,1,10,512,100,5,0,2,2
2,1,4,10,1,1,1000,10,1024,100,2,29,297,297
4,10,2,1000000,1,0,1000,1000,1024,10000,2,29,862,862
2,1,4,10,1,1,1000,1000,1024,10000,5,29,235,235
4,1,4,10,10,1,1000,10,1024,100,5,29,17597,17597
4,10,2,1000000,1,0,1000,10,512,100,2,29,665,665
4,1,2,1000000,10,1,1,10,1024,100,5,29,14,14
2,1,2,10,1,1,1,1000,512,10000,2,29,1,1
4,10,2,1000000,10,1,1,10,512,100,5,29,14,14
2,10,2,1000000,1,1,1,10,512,100,5,29,2,2
4,1,4,1000000,1,0,1000,1000,512,10000,5,0,746,746
2,1,2,10,1,0,1,10,512,100,5,0,1,1
4,1,4,1000000,1,1,1000,1000,1024,10000,5,0,766,766
2,1,2,10,1,1,1000,10,512,100,2,29,304,304
4,1,4,1000000,10,1,1000,10,1024,100,5,0,15517,15517
2,1,4,1000000,1,1,1,1000,1024,10000,5,0,2,2
2,1,4,10,1,0,1,1000,512,10000,2,0,2,2
2,1,2,10,1,0,1000,10,1024,100,5,29,265,265
4,1,4,10,10,0,1,10,512,100,5,29,14,14
2,1,4,1000000,10,1,1,10,512,100,2,0,6,6
2,1,4,10,1,0,1000,1000,512,10000,2,29,302,302
2,10,2,10,1,1,1,10,1024,100,5,0,1,1
2,10,4,1000000,1,1,1,1000,1024,10000,5,0,2,2
2,1,2,10,10,1,1,10,512,100,2,0,5,5
4,1,2,1000000,10,0,1,10,1024,100,2,0,12,12
2,1,4,10,1,1,1,10,1024,100,5,0,2,2
2,1,4,1000000,1,1,1000,10,512,100,2,0,301,301
2,1,4,10,10,0,1,1000,1024,10000,5,29,6,6
4,1,4,10,1,0,1,1000,1024,10000,2,0,3,3
2,10,2,10,10,0,1000,1000,1024,10000,2,0,20548,20548
4,10,4,10,1,0,1,10,512,100,2,29,3,3
4,10,2,1000000,10,1,1,1000,1024,10000,2,0,13,13
4,10,2,1000000,10,0,1,1000,512,10000,5,29,18,18
4,1,4,1000000,10,0,1000,10,512,100,2,29,19080,19080
4,10,4,10,1,1,1,1000,512,10000,5,0,3,3
2,1,4,10,1,1,1000,1000,1024,10000,2,29,234,234
2,1,4,1000000,10,1,1,10,1024,100,2,0,6,6
4,10,4,1000000,1,0,1,10,1024,100,5,29,3,3
4,10,4,1000000,1,1,1,1000,1024,10000,5,29,3,3
2,1,2,1000000,10,0,1,10,512,100,5,0,5,5
2,10,2,1000000,1,0,1000,10,1024,100,5,0,294,294
4,10,2,1000000,10,1,1000,10,512,100,2,0,24685,24685
2,1,2,10,1,0,1,1000,1024,10000,2,0,2,2
4,1,2,10,10,1,1000,10,1024,100,2,0,24215,24215
2,10,4,10,1,1,1000,1000,1024,10000,5,0,241,241
2,10,4,10,1,1,1000,10,512,100,2,29,224,224
2,10,4,10,10,1,1,10,512,100,2,0,5,5
4,1,4,10,10,1,1000,1000,1024,10000,5,29,17942,17942
4,1,2,10,10,0,1000,10,1024,100,5,0,20182,20182
2,1,4,10,10,1,1000,10,1024,100,2,0,10341,10341
4,1,2,1000000,10,0,1,10,512,100,5,29,14,14
2,10,4,10,1,0,1,10,1024,100,5,0,2,2
4,10,4,10,10,1,1000,10,1024,100,5,29,17650,17650
2,10,2,1000000,10,0,1000,10,512,100,2,29,18039,18039
4,1,2,10,1,0,1000,10,512,100,5,29,618,618
4,10,4,1000000,1,0,1000,10,512,100,5,29,631,631
2,10,4,1000000,1,1,1,1000,1024,10000,2,0,2,2
2,10,4,10,1,1,1,1000,1024,10000,5,29,1,1
2,10,4,1000000,10,1,1,1000,512,10000,5,29,6,6
4,10,4,1000000,10,0,1,10,1024,100,2,0,14,14
2,1,2,1000000,1,0,1000,10,512,100,5,0,274,274
2,1,2,1000000,10,1,1000,10,512,100,5,29,19382,19382
4,10,2,10,10,1,1,1000,512,10000,5,0,13,13
4,10,2,10,1,0,1000,10,1024,100,5,0,712,712
4,10,4,10,10,1,1000,1000,1024,10000,2,0,15368,15368
4,10,2,10,1,0,1000,1000,1024,10000,5,29,748,748
2,10,2,10,10,1,1,10,512,100,2,0,5,5
2,10,2,1000000,10,0,1000,1000,1024,10000,5,0,9723,9723
4,1,2,10,10,1,1000,10,512,100,2,0,26889,26889
4,10,2,1000000,1,1,1000,1000,512,10000,5,29,635,635
2,1,2,10,10,1,1000,10,1024,100,2,29,25725,25725
2,1,4,10,1,1,1000,10,512,100,5,29,260,260
2,1,4,1000000,1,1,1,1000,512,10000,5,29,2,2
4,10,2,1000000,1,0,1,1000,1024,10000,5,29,3,3
4,10,2,10,1,0,1000,1000,512,10000,2,29,746,746
2,10,4,10,1,0,1,10,512,100,5,0,1,1
2,10,4,10,1,0,1,1000,512,10000,2,0,2,2
2,10,4,10,10,1,1,1000,512,10000,5,29,6,6
4,10,2,10,1,1,1000,10,512,100,2,0,663,663
4,10,2,10,10,0,1000,10,512,100,5,0,20675,20675
4,1,2,10,1,0,1000,10,512,100,5,0,785,785
4,10,4,1000000,10,0,1,10,1024,100,2,29,15,15
2,1,2,1000000,1,1,1,10,512,100,5,0,1,1
4,10,4,10,1,0,1000,10,1024,100,2,29,646,646
4,10,4,1000000,1,1,1,10,512,100,5,29,2,2
2,1,2,1000000,1,0,1000,10,512,100,5,29,297,297
4,10,2,10,10,0,1000,1000,512,10000,5,0,21223,21223
2,10,4,10,10,0,1000,1000,1024,10000,5,29,9412,9412
2,1,4,10,10,0,1000,10,512,100,5,0,9416,9416
2,10,4,1000000,10,1,1,1000,512,10000,5,0,6,6
4,1,4,10,10,1,1000,10,1024,100,2,29,20019,20019
2,10,2,1000000,10,1,1,1000,1024,10000,2,29,6,6
4,10,2,10,1,0,1,10,512,100,2,29,3,3
2,10,4,1000000,1,0,1000,1000,512,10000,2,0,277,277
2,1,2,10,1,1,1,10,512,100,5,0,1,1
4,10,4,1000000,1,1,1,10,512,100,2,29,3,3
2,1,4,1000000,1,1,1,10,512,100,5,0,2,2
2,10,4,10,1,0,1000,10,1024,100,5,29,260,260
4,1,2,1000000,10,1,1,10,512,100,5,0,14,14
4,10,2,1000000,1,1,1,10,512,100,5,29,3,3
4,10,4,10,1,0,1,1000,512,10000,5,29,3,3
2,10,4,10,1,0,1000,10,1024,100,5,0,281,281
2,1,2,1000000,10,0,1,1000,1024,10000,5,0,6,6
4,10,4,10,10,1,1000,1000,1024,10000,5,0,15467,15467
4,10,4,1000000,10,1,1,1000,512,10000,5,29,15,15
4,1,4,10,10,1,1000,1000,512,10000,5,0,18333,18333
2,10,2,10,10,1,1000,1000,512,10000,2,29,16785,16785
4,10,2,10,1,1,1,1000,1024,10000,5,0,3,3
2,1,4,1000000,10,1,1000,10,1024,100,5,29,10286,10286
4,1,2,10,10,0,1000,10,1024,100,2,29,22632,22632
2,1,2,1000000,10,1,1000,1000,1024,10000,5,29,9168,9168
4,1,4,1000000,10,0,1000,1000,512,10000,5,0,16350,16350
2,1,2,1000000,10,0,1,1000,512,10000,2,0,6,6
2,10,4,10,10,0,1000,1000,1024,10000,5,0,8440,8440
4,10,4,1000000,1,1,1000,10,512,100,2,0,892,892
2,1,4,10,1,0,1000,10,512,100,2,29,254,254
2,1,4,1000000,10,1,1,10,512,100,5,29,6,6
2,10,2,1000000,10,1,1000,10,1024,100,2,29,17184,17184
2,1,2,10,1,1,1,10,1024,100,2,0,1,1
2,10,2,10,10,1,1000,10,512,100,5,0,15515,15515
4,10,2,1000000,10,0,1000,1000,1024,10000,5,29,19237,19237
4,10,4,1000000,1,1,1000,10,1024,100,2,29,763,763
4,10,4,1000000,10,1,1,10,1024,100,5,0,14,14
2,1,2,10,10,1,1000,10,512,100,2,29,23155,23155
4,10,4,10,10,1,1,1000,512,10000,5,29,14,14
2,1,2,10,10,1,1000,10,1024,100,5,0,13482,13482
2,10,4,10,1,0,1,1000,512,10000,5,29,2,2
2,10,2,10,10,0,1,10,512,100,5,0,5,5
2,10,2,1000000,1,0,1,10,1024,100,2,0,2,2
2,10,4,1000000,10,1,1,1000,1024,10000,5,0,6,6
4,10,4,1000000,10,0,1000,10,1024,100,5,29,13866,13866
4,1,4,1000000,1,0,1,1000,1024,10000,5,29,3,3
2,1,2,10,10,0,1,1000,1024,10000,5,0,6,6
2,1,2,10,1,1,1,1000,512,10000,5,0,2,2
2,10,4,10,10,1,1000,10,512,100,5,0,7820,7820
4,10,4,1000000,10,1,1000,10,512,100,5,0,19042,19042
2,1,2,1000000,1,1,1,1000,512,10000,5,29,2,2
2,1,2,1000000,10,0,1,1000,512,10000,5,29,5,5
2,10,4,10,1,0,1000,1000,512,10000,2,0,256,256
2,10,4,1000000,10,1,1000,10,512,100,5,29,8666,8666
4,1,2,10,10,0,1,10,1024,100,2,29,14,14
4,10,4,10,10,0,1,1000,1024,10000,5,29,14,14
2,10,4,1000000,10,0,1,1000,512,10000,5,0,6,6
4,1,4,10,1,1,1000,1000,1024,10000,2,29,846,846
4,10,2,1000000,10,0,1000,1000,512,10000,2,0,24439,24439
2,10,4,10,10,1,1,1000,512,10000,2,29,6,6
4,1,4,1000000,1,1,1,10,1024,100,2,0,3,3
4,1,2,1000000,10,0,1,1000,1024,10000,5,0,14,14
2,10,4,10,10,0,1,10,512,100,2,29,6,6
4,10,2,1000000,1,0,1000,1000,1024,10000,5,0,835,835
4,1,4,1000000,1,1,1,10,1024,100,2,29,3,3
4,1,2,10,10,0,1,1000,1024,10000,2,0,13,13
4,10,4,10,10,0,1,10,1024,100,2,29,15,15
4,1,2,1000000,10,0,1,1000,512,10000,2,29,12,12
4,10,4,10,1,0,1,1000,512,10000,2,29,3,3
2,1,4,1000000,10,0,1000,1000,512,10000,2,29,10726,10726
2,10,2,1000000,1,0,1,1000,1024,10000,5,29,1,1
4,1,4,1000000,1,0,1000,10,512,100,2,29,706,706
2,10,2,10,1,1,1,1000,1024,10000,5,29,1,1
4,10,4,1000000,1,0,1000,1000,1024,10000,2,0,645,645
2,10,4,1000000,1,1,1,10,512,100,2,29,1,1
4,10,2,1000000,10,0,1000,10,1024,100,2,29,18880,18880
2,1,2,10,1,0,1000,10,512,100,2,0,312,312
2,1,4,1000000,10,1,1,1000,512,10000,5,29,6,6
2,1,4,10,1,1,1,1000,512,10000,2,0,2,2
4,10,2,10,1,0,1000,10,512,100,5,29,492,492
2,10,4,1000000,1,1,1,10,512,100,5,29,2,2
4,1,2,1000000,1,1,1000,10,512,100,2,0,842,842
4,1,4,1000000,1,0,1,1000,512,10000,5,0,3,3
2,10,2,1000000,1,0,1000,10,512,100,2,0,295,295
2,1,4,10,1,1,1000,1000,512,10000,2,0,284,284
4,10,4,10,1,0,1000,1000,512,10000,5,29,606,606
4,10,4,10,10,0,1000,1000,1024,10000,2,0,17881,17881
2,1,4,10,10,1,1,10,512,100,2,0,6,6
4,10,2,1000000,1,1,1,1000,512,10000,5,29,3,3
4,1,2,1000000,10,0,1,1000,512,10000,5,29,14,14
4,1,4,1000000,1,0,1,10,1024,100,5,0,3,3
4,1,4,1000000,1,0,1000,10,1024,100,5,29,677,677
2,10,2,10,1,0,1000,1000,512,10000,5,29,301,301
4,1,2,10,1,0,1,1000,1024,10000,2,0,3,3
4,1,4,1000000,10,1,1,10,512,100,2,0,14,14
4,1,2,10,10,0,1,10,1024,100,2,0,14,14
2,1,2,1000000,10,0,1,10,512,100,2,29,6,6
2,1,2,1000000,10,1,1,10,512,100,2,29,5,5
4,1,2,10,1,0,1,10,512,100,5,0,10,10
2,1,2,1000000,1,0,1,10,512,100,2,0,2,2
2,10,4,10,10,1,1,10,512,100,2,29,5,5
2,10,2,10,1,1,1,1000,512,10000,5,0,2,2
2,10,4,10,10,0,1000,10,1024,100,5,29,10514,10514
4,10,2,10,10,0,1,1000,1024,10000,5,0,13,13
2,1,2,10,10,0,1,1000,1024,10000,2,29,5,5
4,1,4,10,1,0,1,10,1024,100,2,29,3,3
2,1,4,10,1,0,1,1000,512,10000,5,0,2,2
4,10,2,1000000,1,0,1000,10,1024,100,5,29,720,720
4,10,4,1000000,1,0,1,10,1024,100,2,0,3,3
4,10,4,10,1,1,1000,1000,1024,10000,5,29,898,898
4,10,2,1000000,10,0,1,10,1024,100,5,29,14,14
4,10,2,10,10,0,1000,1000,1024,10000,5,29,20278,20278
2,1,2,1000000,10,0,1,1000,512,10000,5,0,6,6
2,1,2,1000000,10,1,1,1000,1024,10000,2,29,6,6
2,10,2,1000000,10,1,1,10,1024,100,2,29,5,5
2,10,2,1000000,1,0,1000,1000,1024,10000,2,29,326,326
4,1,4,10,1,0,1,10,512,100,2,0,3,3
4,1,2,10,1,0,1000,10,512,100,2,29,727,727
4,10,2,10,10,0,1000,1000,512,10000,2,0,20910,20910
4,1,2,10,10,0,1000,1000,512,10000,5,29,21425,21425
2,10,2,10,1,1,1000,10,1024,100,2,0,292,292
2,1,2,10,10,1,1,10,1024,100,5,29,6,6
4,1,2,1000000,10,0,1000,10,1024,100,5,29,19909,19909
2,10,2,1000000,1,0,1,1000,1024,10000,5,0,1,1
4,10,2,10,10,0,1,1000,1024,10000,2,0,14,14
4,1,2,1000000,10,1,1,1000,512,10000,2,0,13,13
4,1,2,1000000,1,1,1000,10,1024,100,5,0,564,564
2,1,4,1000000,1,1,1000,10,512,100,5,0,239,239
4,10,4,10,1,1,1000,10,1024,100,2,29,744,744
2,1,2,10,10,0,1,1000,512,10000,2,29,5,5
2,10,4,10,1,0,1000,10,512,100,5,29,311,311
2,1,2,10,10,0,1000,1000,512,10000,2,29,14652,14652
4,10,2,10,1,0,1,1000,1024,10000,5,0,3,3
2,1,4,10,1,0,1,10,512,100,5,29,1,1
4,1,2,10,1,1,1,1000,1024,10000,2,29,3,3
2,1,4,1000000,10,1,1000,1000,512,10000,5,29,8723,8723
2,10,2,1000000,1,0,1,1000,512,10000,2,0,2,2
2,10,2,1000000,1,1,1000,10,512,100,5,29,293,293
4,10,2,1000000,1,0,1,10,512,100,2,29,3,3
2,1,2,10,10,1,1,1000,1024,10000,2,29,5,5
2,10,4,1000000,10,0,1,10,512,100,2,0,6,6
4,10,4,1000000,1,1,1000,10,512,100,5,0,762,762
2,1,2,10,1,0,1,10,512,100,2,0,1,1
2,10,4,10,10,0,1,1000,1024,10000,2,0,6,6
2,1,4,1000000,1,1,1000,1000,1024,10000,2,0,288,288
4,1,4,10,1,0,1000,10,1024,100,5,0,669,669
4,1,4,1000000,10,1,1,1000,1024,10000,5,29,13,13
2,1,2,1000000,10,0,1000,10,1024,100,5,29,16637,16637
4,1,2,1000000,10,0,1,1000,512,10000,5,0,14,14
4,1,4,1000000,10,0,1,1000,512,10000,2,29,14,14
4,10,2,1000000,10,0,1000,1000,1024,10000,5,0,21405,21405
2,10,4,1000000,1,0,1,1000,512,10000,5,29,1,1
2,1,2,1000000,10,0,1000,1000,512,10000,2,0,17297,17297
4,1,4,1000000,10,0,1,1000,1024,10000,2,29,15,15
2,1,4,1000000,10,0,1,1000,512,10000,5,29,5,5
2,10,2,10,10,1,1,1000,512,10000,2,0,5,5
2,1,2,10,1,0,1,1000,512,10000,2,0,1,1
2,1,2,10,10,0,1,10,512,100,2,0,6,6
2,1,4,1000000,1,1,1,10,512,100,2,29,2,2
2,1,4,10,10,0,1000,10,512,100,2,0,10490,10490
4,10,4,10,10,0,1,1000,512,10000,5,0,14,14
2,10,4,10,1,1,1000,10,1024,100,2,0,248,248
2,10,2,10,1,0,1,10,512,100,2,0,2,2
2,1,2,1000000,10,1,1000,10,512,100,2,0,19231,19231
4,1,4,10,1,1,1,1000,512,10000,5,0,4,4
2,1,2,1000000,10,1,1000,1000,512,10000,2,0,24703,24703
2,10,2,1000000,1,1,1000,1000,1024,10000,2,29,325,325
4,10,4,1000000,1,0,1000,1000,512,10000,2,0,706,706
4,1,2,10,10,0,1000,10,512,100,2,0,24651,24651
4,1,4,1000000,10,1,1,1000,512,10000,2,0,17,17
2,1,2,1000000,1,0,1000,1000,512,10000,5,29,264,264
4,1,4,10,10,1,1,1000,512,10000,5,0,12,12
4,10,2,1000000,10,1,1000,1000,1024,10000,2,29,19891,19891
2,1,2,1000000,1,1,1000,1000,512,10000,2,0,297,297
2,10,2,1000000,10,0,1,10,1024,100,2,29,6,6
2,10,4,1000000,1,1,1,10,1024,100,5,29,2,2
4,10,4,1000000,10,0,1000,10,1024,100,5,0,17536,17536
2,10,4,1000000,10,1,1000,10,1024,100,5,29,9783,9783
2,1,4,10,10,1,1,10,1024,100,5,0,6,6
4,1,4,1000000,1,0,1000,10,1024,100,2,0,749,749
2,10,4,10,1,1,1000,10,512,100,2,0,260,260
2,1,2,1000000,10,0,1000,1000,1024,10000,2,0,18284,18284
4,10,2,1000000,10,0,1000,1000,1024,10000,2,0,24225,24225
2,10,4,1000000,10,1,1000,1000,1024,10000,5,29,10920,10920
2,1,2,10,1,1,1000,1000,512,10000,5,0,329,329
4,1,4,1000000,1,1,1000,10,512,100,2,0,725,725
2,1,2,1000000,1,1,1000,10,1024,100,5,29,286,286
2,10,2,10,10,0,1,10,512,100,2,0,5,5
4,10,2,10,1,0,1,1000,1024,10000,2,29,3,3
4,1,4,1000000,1,1,1,10,512,100,2,0,3,3
4,10,4,1000000,1,0,1,1000,1024,10000,2,0,3,3
2,10,4,10,1,1,1000,1000,512,10000,5,0,256,256
2,1,2,10,1,1,1,10,1024,100,2,29,1,1
2,10,4,1000000,1,0,1000,10,1024,100,2,0,253,253
2,10,4,10,10,1,1000,1000,512,10000,2,29,11264,11264
2,1,2,10,1,0,1000,10,512,100,2,29,299,299
2,1,2,1000000,10,1,1,10,512,100,5,29,5,5
4,1,2,1000000,1,0,1000,1000,512,10000,2,0,662,662
4,1,2,1000000,1,0,1,10,512,100,5,29,3,3
2,1,4,1000000,10,1,1,1000,512,10000,2,0,6,6
2,10,4,1000000,10,0,1000,10,512,100,2,0,10122,10122
2,1,2,1000000,1,0,1000,10,1024,100,2,0,306,306
4,1,4,10,10,0,1,10,512,100,2,29,11,11
4,10,2,1000000,10,0,1,1000,512,10000,2,29,15,15
4,10,4,10,1,0,1,10,1024,100,2,0,3,3
2,1,4,10,1,1,1,10,1024,100,2,29,1,1
4,10,2,1000000,1,1,1,1000,1024,10000,5,29,3,3
2,10,2,10,1,1,1000,10,1024,100,2,29,255,255
4,10,4,1000000,1,1,1,10,1024,100,5,0,3,3
4,1,2,10,10,1,1000,10,1024,100,2,29,15098,15098
2,1,2,10,10,0,1000,10,512,100,5,29,19085,19085
4,1,4,1000000,1,1,1000,1000,1024,10000,2,0,627,627
2,10,4,1000000,1,1,1,10,1024,100,2,29,5,5
2,1,2,1000000,1,0,1,1000,512,10000,5,29,2,2
2,1,4,10,10,0,1000,1000,512,10000,5,29,9176,9176
4,10,4,1000000,10,1,1,1000,512,10000,2,29,14,14
2,1,2,1000000,10,1,1,1000,1024,10000,5,0,6,6
2,10,4,1000000,1,1,1000,10,1024,100,5,29,275,275
4,1,4,1000000,10,0,1,10,1024,100,2,0,15,15
2,10,4,1000000,1,0,1,1000,1024,10000,5,0,2,2
4,10,2,10,1,0,1,10,1024,100,5,29,3,3
4,1,2,1000000,10,1,1000,10,512,100,2,29,20871,20871
4,10,4,10,10,1,1,10,1024,100,5,29,14,14
4,10,2,1000000,10,1,1,1000,1024,10000,5,0,14,14
4,10,2,1000000,1,0,1,10,512,100,5,0,3,3
4,10,2,1000000,10,1,1000,10,1024,100,2,0,22175,22175
4,1,4,1000000,1,0,1000,1000,1024,10000,5,0,759,759
4,1,4,1000000,1,1,1000,10,512,100,5,0,811,811
2,1,4,10,1,1,1000,10,512,100,2,0,263,263
2,1,2,1000000,1,0,1,10,1024,100,2,0,2,2
4,1,4,10,1,1,1,10,512,100,5,29,3,3
4,10,2,10,10,0,1000,1000,1024,10000,2,29,20146,20146
2,1,4,1000000,10,1,1000,1000,1024,10000,5,29,7510,7510
2,10,2,10,10,0,1,1000,1024,10000,2,29,6,6
2,1,2,1000000,10,1,1,10,1024,100,2,0,5,5
2,10,4,1000000,10,1,1,10,512,100,2,0,6,6
4,10,4,10,10,0,1000,10,512,100,5,0,21230,21230
4,10,2,1000000,1,0,1000,1000,1024,10000,2,0,764,764
4,1,2,10,10,1,1000,1000,1024,10000,2,0,14962,14962
2,1,4,1000000,10,0,1000,1000,512,10000,5,0,9247,9247
2,1,4,10,10,1,1000,1000,1024,10000,2,0,12677,12677
2,1,4,10,10,0,1000,1000,1024,10000,5,29,9465,9465
4,1,2,1000000,1,1,1,1000,1024,10000,2,29,3,3
2,1,4,10,10,1,1000,1000,1024,10000,5,0,9075,9075
4,10,2,1000000,10,1,1000,10,1024,100,2,29,19660,19660
4,10,4,1000000,10,1,1000,10,512,100,5,29,22007,22007
4,10,4,1000000,1,1,1000,1000,512,10000,2,0,706,706
4,10,4,1000000,1,1,1000,1000,1024,10000,5,29,850,850
2,10,4,1000000,1,1,1000,1000,1024,10000,5,0,297,297
2,1,4,10,1,1,1000,1000,1024,10000,5,0,253,253
4,1,2,10,10,1,1,10,1024,100,5,29,14,14
2,1,4,10,1,1,1,1000,1024,10000,5,29,2,2
4,10,4,1000000,10,0,1000,10,512,100,2,0,20013,20013
4,1,4,10,1,1,1,10,512,100,5,0,3,3
4,1,4,1000000,10,1,1,1000,512,10000,5,0,18,18
2,10,4,1000000,10,1,1000,1000,512,10000,5,29,7182,7182
2,10,2,1000000,10,1,1,1000,1024,10000,5,29,5,5
2,1,2,1000000,1,1,1000,1000,1024,10000,5,0,291,291
4,10,4,1000000,10,0,1,10,512,100,2,29,16,16
4,1,2,1000000,10,0,1000,1000,1024,10000,2,0,20386,20386
4,1,2,10,10,1,1000,10,1024,100,5,29,20462,20462
4,10,2,10,10,0,1,1000,512,10000,5,0,13,13
4,10,4,10,1,1,1,1000,1024,10000,5,29,3,3
2,10,4,10,1,1,1,10,512,100,5,29,1,1
4,1,2,1000000,1,1,1000,10,1024,100,2,0,799,799
4,10,4,10,1,1,1,1000,512,10000,2,29,2,2
4,10,4,10,10,1,1000,10,1024,100,2,29,18683,18683
4,10,2,1000000,10,1,1,1000,512,10000,2,29,13,13
2,10,4,10,1,1,1000,1000,1024,10000,2,0,302,302
2,10,2,1000000,10,0,1000,1000,512,10000,2,29,16793,16793
4,1,2,1000000,1,1,1,1000,512,10000,2,0,3,3
4,1,2,1000000,10,0,1,1000,1024,10000,2,29,14,14
4,1,4,1000000,10,0,1,10,1024,100,2,29,15,15
4,10,2,10,1,0,1000,1000,512,10000,5,29,683,683
4,10,2,1000000,10,1,1000,1000,512,10000,2,0,19961,19961
4,10,2,1000000,1,1,1000,10,1024,100,5,0,694,694
2,1,4,10,10,0,1,10,1024,100,2,29,6,6
2,10,4,1000000,1,0,1,10,512,100,2,29,1,1
2,1,2,1000000,10,1,1000,10,1024,100,5,0,16616,16616
2,10,2,1000000,1,1,1000,10,1024,100,2,0,293,293
4,10,4,1000000,1,1,1000,10,512,100,2,29,765,765
2,10,2,1000000,1,1,1,1000,512,10000,5,29,1,1
2,1,2,1000000,1,1,1,10,512,100,2,0,1,1
2,1,2,1000000,10,0,1000,1000,512,10000,5,0,13696,13696
2,1,4,1000000,10,0,1,1000,512,10000,5,0,6,6
2,10,4,10,10,0,1,10,1024,100,2,29,6,6
4,1,4,10,10,0,1000,1000,1024,10000,5,0,19957,19957
4,1,2,10,10,0,1000,1000,512,10000,5,0,17420,17420
2,1,2,10,1,1,1,1000,512,10000,2,0,2,2
2,10,4,1000000,10,0,1,1000,1024,10000,5,0,6,6
2,10,2,1000000,1,1,1000,10,1024,100,5,0,312,312
2,10,2,10,1,0,1,10,512,100,5,0,1,1
4,1,4,10,10,0,1,1000,1024,10000,5,0,17,17
2,10,4,1000000,10,0,1000,10,512,100,5,0,11490,11490
2,1,2,10,10,0,1000,10,1024,100,2,29,9800,9800
2,1,2,10,10,0,1000,1000,1024,10000,5,29,21165,21165
2,1,2,1000000,1,0,1,1000,512,10000,2,0,1,1
2,10,4,10,1,0,1,10,1024,100,2,0,1,1
4,10,4,10,1,0,1000,1000,1024,10000,5,29,680,680
2,10,4,1000000,1,0,1,10,512,100,5,29,2,2
4,10,4,1000000,10,0,1000,1000,512,10000,5,0,15416,15416
4,10,2,1000000,10,1,1000,1000,1024,10000,5,0,21545,21545
2,1,2,1000000,1,1,1000,1000,1024,10000,5,29,371,371
4,10,2,10,1,1,1000,10,512,100,5,0,719,719
2,10,2,1000000,1,1,1,1000,512,10000,2,29,2,2
4,10,4,1000000,10,0,1,10,512,100,2,0,15,15
2,1,2,1000000,10,1,1000,1000,512,10000,5,0,16325,16325
2,10,4,1000000,10,1,1000,10,1024,100,2,29,12844,12844
2,10,2,1000000,10,1,1000,10,512,100,5,29,18646,18646
4,1,4,10,1,1,1,10,1024,100,5,0,4,4
4,1,2,10,10,1,1,1000,512,10000,5,29,13,13
2,10,4,10,10,1,1,10,1024,100,2,0,5,5
4,10,4,1000000,10,1,1000,10,512,100,2,0,21780,21780
4,1,4,10,10,0,1,1000,512,10000,5,0,15,15
4,10,4,10,10,0,1,10,512,100,5,29,13,13
2,1,2,10,10,0,1000,10,512,100,5,0,14602,14602
4,10,4,10,10,1,1,10,1024,100,2,29,15,15
2,1,4,1000000,10,1,1,10,512,100,5,0,6,6
4,1,4,1000000,10,1,1000,1000,512,10000,2,0,18284,18284
2,10,2,1000000,10,1,1,10,512,100,2,0,6,6
2,1,2,1000000,10,1,1000,1000,512,10000,2,29,22236,22236
4,10,2,10,1,0,1000,1000,1024,10000,5,0,576,576
4,1,4,1000000,1,0,1000,10,512,100,5,29,643,643
2,10,4,10,10,1,1,1000,1024,10000,2,0,6,6
4,1,2,10,10,0,1000,1000,512,10000,2,29,21407,21407
2,10,4,1000000,1,0,1000,10,512,100,2,0,237,237
4,10,2,1000000,1,1,1000,1000,1024,10000,2,29,721,721
2,1,2,1000000,1,1,1,10,1024,100,2,0,2,2
4,10,2,10,1,0,1,1000,512,10000,5,29,3,3
4,1,2,1000000,1,0,1000,1000,1024,10000,2,0,695,695
4,1,2,10,10,1,1,10,512,100,5,0,13,13
2,1,2,10,10,0,1,10,512,100,5,29,6,6
4,10,4,10,1,0,1000,10,512,100,2,29,709,709
2,1,4,1000000,1,0,1000,1000,1024,10000,2,0,206,206
4,1,4,1000000,1,0,1,1000,512,10000,2,29,3,3
2,1,2,10,10,1,1000,10,1024,100,2,0,15631,15631
2,1,2,10,10,1,1000,10,1024,100,5,29,10373,10373
2,1,2,10,1,1,1000,1000,1024,10000,5,29,289,289
4,1,4,1000000,1,0,1,10,512,100,2,29,3,3
2,1,2,1000000,10,0,1,1000,512,10000,2,29,6,6
4,1,4,1000000,10,0,1000,10,512,100,2,0,16697,16697
2,1,4,10,1,0,1000,1000,1024,10000,5,29,322,322
4,10,2,1000000,10,1,1,1000,512,10000,5,29,13,13
2,1,4,1000000,1,0,1,10,512,100,5,29,2,2
4,10,2,10,1,1,1000,10,512,100,2,29,726,726
4,1,2,1000000,10,1,1000,10,1024,100,2,29,20450,20450
2,1,2,1000000,10,1,1,1000,512,10000,2,0,6,6
2,1,4,1000000,1,0,1,10,1024,100,2,29,2,2
4,1,4,1000000,1,1,1000,10,1024,100,5,29,676,676
4,1,4,10,1,1,1000,10,512,100,5,0,822,822
4,1,2,1000000,10,1,1,1000,512,10000,5,29,15,15
2,10,4,10,1,1,1000,10,512,100,5,29,318,318
2,10,4,10,10,1,1,1000,1024,10000,5,0,6,6
4,10,4,10,10,0,1000,1000,512,10000,2,29,18653,18653
4,10,2,1000000,1,0,1,1000,1024,10000,2,29,3,3
4,10,2,1000000,10,0,1,10,512,100,5,0,14,14
4,1,4,10,10,0,1,10,1024,100,5,0,14,14
2,10,2,10,10,1,1000,10,1024,100,2,0,15101,15101
2,10,4,10,10,1,1000,1000,1024,10000,2,0,8503,8503
2,1,4,1000000,1,1,1,10,1024,100,2,29,2,2
2,10,4,1000000,10,0,1000,1000,1024,10000,5,0,11982,11982
2,10,4,10,10,0,1000,1000,512,10000,5,0,11353,11353
2,1,4,1000000,1,1,1000,10,1024,100,2,0,293,293
2,1,4,10,1,1,1,1000,512,10000,5,0,1,1
2,1,4,10,1,1,1000,1000,512,10000,2,29,258,258
2,10,4,1000000,10,0,1000,10,512,100,5,29,12510,12510
2,10,2,1000000,10,0,1,10,512,100,2,29,6,6
4,1,2,10,1,0,1000,1000,512,10000,5,29,787,787
2,10,2,10,1,0,1000,1000,1024,10000,5,0,291,291
4,10,4,1000000,1,0,1,10,512,100,2,0,4,4
2,10,2,10,1,1,1,10,512,100,2,29,1,1
2,10,4,1000000,10,0,1,10,512,100,5,29,6,6
4,1,4,1000000,10,0,1000,10,1024,100,5,29,21084,21084
4,10,4,10,10,0,1,10,512,100,2,0,14,14
2,10,2,10,10,0,1000,10,1024,100,2,29,19942,19942
2,1,4,10,1,0,1000,1000,1024,10000,2,29,258,258
4,10,2,10,1,0,1,10,1024,100,2,29,3,3
2,1,4,10,10,0,1000,1000,512,10000,2,0,10914,10914
4,10,4,10,10,1,1,1000,1024,10000,5,0,14,14
4,10,4,10,1,0,1000,10,1024,100,5,0,671,671
2,1,2,1000000,10,1,1,10,1024,100,2,29,5,5
2,10,4,10,10,0,1,10,512,100,2,0,5,5
4,10,4,10,10,0,1000,1000,1024,10000,5,0,15271,15271
2,1,4,1000000,1,0,1,1000,1024,10000,2,29,2,2
4,10,2,1000000,10,1,1000,10,1024,100,5,0,20299,20299
4,1,2,10,1,1,1000,10,1024,100,5,0,762,762
2,10,2,1000000,1,1,1,1000,512,10000,5,0,1,1
2,10,2,10,10,1,1,1000,1024,10000,5,0,5,5
2,10,2,10,1,1,1,1000,512,10000,2,29,2,2
4,10,4,10,1,1,1000,1000,512,10000,5,29,1113,1113
2,1,2,1000000,10,1,1000,1000,512,10000,5,29,12200,12200
4,1,2,1000000,10,0,1000,10,1024,100,2,0,22178,22178
2,10,4,10,1,1,1,1000,1024,10000,2,0,2,2
2,1,4,10,10,1,1,1000,1024,10000,5,0,7,7
2,1,4,1000000,10,1,1000,1000,1024,10000,2,29,10346,10346
2,10,4,1000000,1,0,1000,10,1024,100,5,29,277,277
2,1,4,1000000,10,0,1000,1000,512,10000,5,29,9495,9495
2,1,2,10,1,1,1,10,512,100,2,0,1,1
2,1,4,1000000,10,0,1,10,1024,100,2,29,6,6
4,1,2,1000000,1,1,1,10,1024,100,2,29,3,3
2,1,2,10,1,1,1,1000,1024,10000,5,29,2,2
2,10,4,1000000,10,0,1000,1000,512,10000,5,29,6465,6465
2,10,2,1000000,10,1,1,10,1024,100,5,0,6,6
4,1,2,1000000,10,1,1000,1000,1024,10000,5,29,20352,20352
4,10,4,10,10,0,1,1000,1024,10000,2,29,13,13
4,1,4,1000000,10,1,1,10,1024,100,5,29,16,16
4,1,2,10,10,0,1000,1000,512,10000,2,0,23098,23098
4,1,2,1000000,10,0,1,10,1024,100,2,29,13,13
4,1,2,10,1,1,1,10,1024,100,5,29,11,11
4,10,4,10,1,1,1000,1000,512,10000,2,29,782,782
2,1,4,1000000,1,1,1,10,1024,100,2,0,1,1
2,10,4,10,1,0,1,10,512,100,5,29,1,1
2,10,2,10,1,0,1,1000,1024,10000,5,29,2,2
2,10,2,1000000,10,1,1,10,1024,100,5,29,6,6
4,1,2,10,10,1,1,10,512,100,5,29,13,13
4,10,2,1000000,10,1,1,1000,1024,10000,2,29,14,14
4,10,4,10,10,1,1,10,512,100,2,0,16,16
4,1,4,10,10,0,1,1000,512,10000,2,29,14,14
4,10,2,1000000,10,1,1,1000,1024,10000,5,29,19,19
2,1,2,10,1,1,1000,10,1024,100,2,0,283,283
4,1,4,1000000,10,1,1,10,1024,100,2,29,14,14
4,10,4,1000000,10,1,1,10,512,100,5,29,14,14
4,10,2,1000000,1,0,1,10,512,100,2,0,4,4
2,1,4,10,1,0,1,10,512,100,5,0,1,1
4,10,2,1000000,10,0,1000,10,512,100,5,29,20324,20324
4,10,4,1000000,10,1,1000,1000,1024,10000,5,0,17608,17608
4,10,4,1000000,10,0,1000,1000,1024,10000,2,29,16455,16455
4,1,4,1000000,10,0,1000,1000,1024,10000,5,0,22069,22069
2,10,2,10,1,1,1000,10,1024,100,5,0,321,321
4,10,4,1000000,10,1,1000,1000,512,10000,5,0,18535,18535
2,1,4,1000000,10,1,1000,1000,512,10000,5,0,12071,12071
2,1,2,1000000,10,0,1000,10,1024,100,5,0,11752,11752
2,1,2,1000000,10,1,1000,10,512,100,5,0,13600,13600
4,1,4,10,10,0,1000,10,512,100,2,0,16125,16125
4,1,2,1000000,1,0,1000,10,512,100,5,29,688,688
2,10,2,1000000,1,0,1000,10,1024,100,5,29,325,325
2,10,4,1000000,1,0,1000,10,512,100,5,0,252,252
4,10,2,10,10,1,1000,10,512,100,2,29,23078,23078
4,10,4,1000000,1,1,1,1000,512,10000,5,29,4,4
4,10,2,10,10,0,1000,1000,1024,10000,5,0,18018,18018
4,1,4,1000000,10,0,1000,1000,512,10000,2,0,17414,17414
2,10,4,1000000,10,0,1000,1000,1024,10000,2,29,8116,8116
4,10,2,10,1,0,1000,1000,1024,10000,2,29,676,676
4,1,4,10,1,1,1,1000,512,10000,2,0,3,3
4,10,4,10,1,0,1,10,512,100,2,0,3,3
2,10,4,1000000,1,1,1000,10,512,100,5,29,261,261
2,10,2,1000000,10,1,1,1000,512,10000,2,0,6,6
2,1,2,10,1,0,1000,10,512,100,5,29,294,294
4,10,4,1000000,10,1,1,1000,1024,10000,5,0,13,13
2,1,2,10,1,1,1000,10,1024,100,5,29,307,307
2,10,2,10,10,1,1,10,1024,100,2,29,6,6
4,1,2,10,10,0,1000,10,1024,100,2,0,18409,18409
2,10,4,1000000,10,1,1,1000,1024,10000,5,29,5,5
4,10,2,1000000,10,1,1000,10,512,100,2,29,23633,23633
4,1,2,10,10,1,1,10,1024,100,2,0,12,12
2,10,2,10,1,1,1000,1000,1024,10000,2,29,255,255
4,10,4,10,10,0,1000,1000,1024,10000,5,29,20915,20915
4,1,4,10,1,1,1,1000,512,10000,5,29,4,4
2,1,2,10,1,1,1000,1000,1024,10000,2,0,294,294
4,1,2,1000000,10,1,1000,10,512,100,5,0,18880,18880
4,10,2,1000000,10,1,1000,1000,512,10000,5,29,22462,22462
2,1,4,10,10,0,1000,10,1024,100,5,0,14456,14456
4,10,2,1000000,10,0,1,1000,512,10000,2,0,16,16
2,1,4,10,1,0,1000,10,1024,100,2,0,334,334
4,1,4,1000000,10,0,1000,10,512,100,5,29,18561,18561
2,10,4,10,1,1,1,1000,512,10000,2,0,2,2
4,10,4,1000000,1,1,1,10,512,100,2,0,3,3
2,1,2,10,10,0,1000,1000,512,10000,2,0,20779,20779
4,10,2,10,10,1,1000,10,512,100,5,29,21987,21987
2,10,4,1000000,10,0,1000,1000,512,10000,5,0,9656,9656
2,10,2,1000000,1,1,1,10,1024,100,5,29,1,1
2,1,2,10,10,1,1,1000,512,10000,5,29,5,5
2,10,4,1000000,1,0,1,1000,512,10000,5,0,2,2
2,1,4,1000000,1,0,1000,10,512,100,2,29,230,230
2,10,2,1000000,10,0,1,1000,1024,10000,2,29,6,6
2,10,2,10,10,0,1,1000,1024,10000,2,0,5,5
4,10,4,10,1,1,1000,1000,1024,10000,2,29,703,703
4,10,2,1000000,1,0,1000,10,512,100,5,29,713,713
2,10,4,1000000,10,0,1000,10,1024,100,2,29,8950,8950
2,10,4,1000000,10,1,1,10,1024,100,5,0,6,6
4,10,4,10,10,0,1000,1000,1024,10000,2,29,14528,14528
4,10,2,10,10,0,1000,10,1024,100,5,29,28519,28519
4,1,2,1000000,10,1,1,10,512,100,2,0,14,14
2,10,4,10,1,0,1000,1000,1024,10000,5,29,281,281
4,10,4,1000000,1,1,1000,10,1024,100,5,0,839,839
2,1,4,10,1,1,1000,1000,512,10000,5,0,289,289
4,1,4,10,1,0,1000,1000,1024,10000,2,0,709,709
2,1,2,1000000,1,1,1,1000,1024,10000,2,0,2,2
4,10,2,1000000,10,0,1,10,512,100,2,0,13,13
2,10,2,1000000,1,1,1,1000,1024,10000,2,29,2,2
2,1,4,10,1,0,1,1000,512,10000,5,29,2,2
2,10,2,10,10,1,1000,1000,512,10000,2,0,15141,15141
4,10,2,10,1,0,1000,1000,512,10000,2,0,826,826
2,1,4,1000000,10,0,1000,1000,1024,10000,2,29,9307,9307
4,1,4,10,10,0,1000,1000,512,10000,5,0,18240,18240
4,1,2,10,1,0,1,10,1024,100,2,29,3,3
2,10,2,1000000,10,0,1000,1000,1024,10000,2,29,20546,20546
4,10,4,1000000,1,0,1000,10,1024,100,5,29,735,735
4,10,4,1000000,1,0,1000,1000,512,10000,5,0,807,807
4,1,4,1000000,1,1,1,1000,1024,10000,2,0,3,3
2,10,4,1000000,1,0,1000,1000,512,10000,2,29,245,245
2,10,2,1000000,10,1,1000,10,1024,100,5,0,11206,11206
2,1,2,1000000,10,0,1,10,512,100,5,29,6,6
4,1,2,1000000,1,0,1000,1000,1024,10000,2,29,703,703
4,10,2,1000000,10,0,1,1000,512,10000,5,0,15,15
2,1,4,1000000,10,0,1,10,512,100,5,29,5,5
4,10,4,1000000,1,1,1,10,512,100,5,0,3,3
2,1,4,10,10,0,1,1000,1024,10000,2,0,6,6
4,1,4,1000000,10,0,1,1000,1024,10000,5,29,15,15
2,10,2,10,10,0,1,10,1024,100,2,29,6,6
4,1,4,1000000,1,0,1,1000,1024,10000,5,0,3,3
4,1,4,10,10,1,1000,1000,512,10000,2,29,17515,17515
2,10,2,10,1,1,1000,10,512,100,2,0,291,291
4,10,2,1000000,10,0,1000,1000,512,10000,2,29,21501,21501
4,10,4,1000000,1,1,1000,10,1024,100,5,29,681,681
4,10,4,10,1,1,1,10,512,100,5,0,3,3
2,10,2,1000000,10,1,1000,10,512,100,2,29,17395,17395
4,1,4,1000000,1,1,1000,1000,512,10000,2,0,662,662
2,10,2,1000000,1,0,1000,1000,512,10000,5,0,278,278
2,1,4,10,1,0,1,1000,512,10000,2,29,2,2
2,10,2,10,10,1,1,1000,1024,10000,2,0,5,5
2,1,4,10,1,0,1000,10,512,100,5,29,231,231
2,10,4,10,1,1,1,1000,512,10000,5,0,2,2
2,10,4,1000000,10,0,1,10,1024,100,2,0,6,6
2,1,2,10,10,1,1,10,1024,100,2,29,5,5
4,1,4,1000000,1,1,1,1000,1024,10000,5,29,3,3
4,10,4,10,10,0,1000,10,1024,100,2,29,16835,16835
4,10,2,10,10,1,1,10,512,100,2,0,13,13
2,1,2,10,10,0,1000,1000,1024,10000,2,29,14826,14826
4,10,4,10,10,1,1,1000,512,10000,2,29,12,12
4,10,2,10,1,1,1000,1000,1024,10000,2,29,683,683
4,1,2,1000000,10,0,1,10,1024,100,5,0,14,14
4,10,2,10,1,0,1000,1000,512,10000,5,0,701,701
2,10,4,1000000,1,1,1,10,1024,100,2,0,1,1
2,10,2,1000000,1,1,1000,1000,512,10000,2,29,296,296
2,10,4,1000000,10,1,1,1000,1024,10000,2,29,6,6
4,1,2,10,10,1,1,10,1024,100,2,29,13,13
2,10,4,10,1,1,1000,10,512,100,5,0,250,250
2,10,2,10,1,0,1000,10,1024,100,2,29,293,293
4,1,2,10,10,1,1000,10,512,100,2,29,18706,18706
2,10,2,10,1,0,1,10,1024,100,5,0,2,2
4,10,4,10,1,0,1,1000,1024,10000,2,29,3,3
4,10,2,1000000,1,0,1,1000,512,10000,2,0,3,3
4,1,4,10,1,0,1,10,512,100,5,0,3,3
4,1,2,1000000,10,1,1000,10,512,100,2,0,19157,19157
4,10,2,1000000,1,0,1,10,1024,100,2,29,3,3
4,10,4,10,10,1,1,1000,512,10000,5,0,20,20
4,1,4,1000000,10,1,1000,1000,512,10000,2,29,17312,17312
4,10,2,1000000,1,1,1000,10,512,100,5,29,686,686
2,1,2,1000000,10,0,1000,10,512,100,5,29,19035,19035
2,1,4,10,1,1,1,10,512,100,5,29,2,2
4,1,2,10,10,0,1,1000,512,10000,5,0,13,13
4,10,4,1000000,1,0,1000,10,512,100,5,0,659,659
2,1,4,1000000,1,0,1,10,1024,100,5,0,2,2
4,10,2,1000000,10,0,1,10,512,100,2,29,13,13
2,1,2,10,1,1,1,1000,512,10000,5,29,2,2
2,1,2,10,1,1,1,1000,1024,10000,2,0,1,1
2,10,2,1000000,10,0,1000,10,512,100,2,0,17069,17069
2,10,4,10,10,1,1000,10,1024,100,5,29,9193,9193
2,1,4,10,10,1,1000,10,512,100,5,0,8476,8476
2,1,4,10,10,1,1000,1000,1024,10000,5,29,8513,8513
2,10,2,10,10,1,1,10,512,100,5,29,6,6
4,1,4,1000000,10,1,1000,10,512,100,5,0,18962,18962
4,1,2,1000000,10,0,1000,10,512,100,2,29,20597,20597
4,10,4,1000000,1,0,1,1000,1024,10000,5,0,3,3
2,1,4,10,1,1,1,10,512,100,2,29,2,2
2,10,2,10,10,0,1000,10,512,100,5,29,12774,12774
2,10,4,10,1,1,1,10,512,100,2,0,1,1
2,1,4,10,10,1,1,1000,512,10000,5,0,5,5
2,10,2,10,10,1,1000,10,512,100,2,0,21018,21018
2,1,2,1000000,10,0,1000,1000,1024,10000,5,0,18554,18554
2,1,2,1000000,1,1,1000,10,1024,100,2,0,301,301
4,1,2,10,10,1,1000,1000,512,10000,5,0,20935,20935
2,10,4,1000000,1,1,1000,1000,1024,10000,5,29,246,246
2,10,2,10,10,0,1000,10,1024,100,5,29,16077,16077
4,10,4,1000000,10,1,1000,1000,1024,10000,2,29,17082,17082
2,1,2,10,1,1,1000,1000,512,10000,2,0,274,274
4,1,4,10,1,1,1,1000,1024,10000,5,29,2,2
2,1,4,1000000,10,0,1,1000,512,10000,2,0,6,6
4,10,2,1000000,10,0,1,1000,1024,10000,5,0,14,14
4,10,4,1000000,1,0,1000,10,1024,100,5,0,664,664
4,10,4,1000000,10,1,1000,1000,1024,10000,2,0,14801,14801
4,10,2,1000000,1,0,1000,10,512,100,2,0,865,865
2,10,2,10,1,0,1,10,512,100,2,29,1,1
4,1,4,1000000,1,0,1000,10,512,100,2,0,856,856
4,1,2,1000000,10,0,1000,10,512,100,2,0,20594,20594
4,10,4,10,1,1,1000,1000,512,10000,5,0,744,744
4,10,2,1000000,1,1,1,10,512,100,2,0,3,3
2,10,4,10,10,0,1,10,512,100,5,29,6,6
2,1,4,1000000,10,0,1000,10,512,100,5,29,8749,8749
4,1,2,10,1,1,1000,1000,1024,10000,5,29,596,596
4,1,4,10,1,1,1000,1000,1024,10000,5,0,696,696
4,1,2,1000000,1,0,1,1000,1024,10000,2,0,3,3
4,1,2,10,1,1,1,1000,1024,10000,5,29,3,3
2,10,2,10,10,0,1000,1000,1024,10000,2,29,14510,14510
4,10,4,1000000,1,0,1,10,512,100,5,0,3,3
2,10,2,10,1,1,1,10,512,100,2,0,2,2
4,10,2,1000000,10,0,1000,10,1024,100,5,29,19157,19157
4,10,2,10,1,1,1,1000,1024,10000,5,29,3,3
2,1,2,10,1,0,1000,1000,512,10000,5,29,288,288
2,10,2,10,1,1,1000,1000,1024,10000,5,29,281,281
4,10,2,1000000,1,1,1000,1000,512,10000,5,0,855,855
2,1,4,10,1,1,1,10,1024,100,2,0,1,1
4,10,4,1000000,1,1,1,10,1024,100,2,29,3,3
4,1,2,1000000,1,1,1,10,512,100,5,29,3,3
4,1,2,1000000,10,0,1000,10,1024,100,5,0,21736,21736
2,10,4,10,10,1,1000,1000,512,10000,2,0,10198,10198
4,10,2,1000000,1,0,1000,10,1024,100,5,0,705,705
2,10,4,1000000,1,0,1,1000,512,10000,2,29,1,1
2,10,4,10,10,1,1,10,512,100,5,29,6,6
2,10,4,10,10,0,1000,1000,1024,10000,2,29,11473,11473
4,1,4,10,1,0,1,1000,512,10000,2,0,9,9
4,10,4,1000000,1,0,1000,1000,1024,10000,2,29,761,761
2,1,4,1000000,1,1,1,1000,512,10000,5,0,1,1
4,1,4,10,10,0,1,10,512,100,5,0,17,17
2,1,4,1000000,1,0,1000,10,1024,100,2,0,264,264
4,10,2,10,1,1,1,1000,512,10000,2,0,3,3
2,10,4,1000000,1,0,1000,1000,1024,10000,5,29,309,309
2,10,2,10,1,1,1000,1000,512,10000,5,29,281,281
2,10,4,10,1,0,1000,1000,1024,10000,2,0,270,270
4,10,2,10,10,1,1000,10,1024,100,2,29,22907,22907
2,1,4,10,1,0,1000,10,1024,100,5,29,267,267
2,1,2,10,1,0,1,10,1024,100,5,0,1,1
2,1,2,1000000,10,1,1,1000,512,10000,5,29,7,7
4,1,4,1000000,10,0,1,10,512,100,5,29,15,15
2,10,2,1000000,10,0,1000,10,1024,100,2,0,22135,22135
2,10,4,1000000,10,1,1,10,1024,100,2,29,6,6
2,10,4,10,1,0,1,1000,512,10000,2,29,1,1
4,10,2,10,10,0,1000,10,1024,100,5,0,18090,18090
2,10,2,10,10,0,1000,10,512,100,5,0,16428,16428
2,10,2,1000000,1,1,1000,10,1024,100,2,29,313,313
2,10,2,1000000,1,0,1,10,512,100,2,0,1,1
2,10,2,10,10,1,1,10,1024,100,5,29,6,6
4,1,2,1000000,10,1,1,10,1024,100,2,29,14,14
2,1,4,10,1,0,1000,10,1024,100,2,29,298,298
4,1,2,1000000,1,0,1,1000,1024,10000,5,0,3,3
2,10,2,1000000,10,1,1000,1000,512,10000,5,29,16868,16868
2,10,2,1000000,10,0,1000,1000,512,10000,5,29,13570,13570
4,10,2,10,1,1,1000,1000,1024,10000,5,0,616,616
2,1,4,1000000,1,1,1000,1000,1024,10000,5,0,300,300
2,10,2,1000000,10,1,1,10,512,100,5,0,5,5
2,10,4,1000000,10,0,1,10,512,100,5,0,6,6
4,10,4,10,1,0,1000,1000,1024,10000,2,29,646,646
2,10,2,1000000,10,1,1000,1000,512,10000,5,0,20309,20309
4,1,2,1000000,10,1,1000,1000,512,10000,5,29,20688,20688
2,10,4,10,10,1,1000,1000,512,10000,5,0,8818,8818
2,1,2,10,1,0,1000,1000,1024,10000,5,29,290,290
2,10,4,10,1,0,1,1000,1024,10000,5,29,2,2
4,1,2,1000000,1,1,1,10,512,100,2,29,3,3
4,10,4,1000000,1,1,1000,1000,1024,10000,2,0,674,674
4,1,4,1000000,1,0,1,10,1024,100,5,29,3,3
2,10,2,10,1,1,1000,10,1024,100,5,29,248,248
2,1,4,1000000,1,1,1000,1000,512,10000,2,29,262,262
4,1,4,10,1,0,1000,1000,512,10000,5,0,597,597
4,1,4,10,10,1,1,1000,512,10000,2,29,13,13
4,1,4,10,1,0,1000,10,512,100,2,0,703,703
2,1,4,10,10,1,1,1000,512,10000,2,29,5,5
2,1,2,1000000,10,0,1,10,512,100,2,0,6,6
4,1,4,10,1,0,1,1000,512,10000,5,0,5,5
4,10,4,1000000,1,0,1000,1000,1024,10000,5,0,655,655
2,1,4,10,10,1,1000,1000,512,10000,2,0,11664,11664
4,10,4,10,10,0,1,1000,512,10000,2,29,15,15
4,10,2,1000000,10,0,1,10,512,100,5,29,21,21
2,10,4,10,1,0,1000,10,1024,100,2,29,240,240
2,1,2,1000000,1,0,1,10,1024,100,5,0,2,2
4,10,2,10,10,1,1,10,512,100,5,29,14,14
2,1,4,1000000,10,0,1,1000,1024,10000,5,29,6,6
4,10,2,10,10,0,1000,10,512,100,2,0,17832,17832
4,10,4,1000000,1,1,1,1000,512,10000,2,29,3,3
2,1,4,1000000,1,1,1,1000,512,10000,2,29,2,2
2,10,4,1000000,10,1,1,10,512,100,5,29,6,6
2,1,4,1000000,1,0,1,1000,512,10000,5,29,2,2
2,10,4,10,10,1,1,1000,512,10000,5,0,6,6
2,1,2,10,10,0,1,1000,512,10000,2,0,6,6
2,10,2,1000000,10,1,1,10,512,100,5,29,5,5
2,1,4,1000000,1,1,1,10,1024,100,5,29,1,1
2,10,2,10,1,0,1,1000,512,10000,5,0,2,2
4,1,4,1000000,1,1,1000,10,1024,100,5,0,710,710
2,1,4,1000000,1,0,1000,10,512,100,5,0,286,286
4,1,4,10,1,0,1,1000,1024,10000,5,29,3,3
2,10,2,10,1,1,1,1000,1024,10000,2,0,1,1
4,10,4,1000000,1,1,1,1000,1024,10000,5,0,3,3
4,10,2,10,10,0,1,10,512,100,5,0,14,14
2,1,2,1000000,1,1,1,1000,512,10000,5,0,2,2
2,1,4,10,1,1,1000,10,512,100,5,0,269,269
4,10,2,10,10,1,1000,1000,1024,10000,5,29,22091,22091
4,10,4,10,1,0,1000,10,1024,100,5,29,622,622
4,10,4,1000000,10,1,1,10,512,100,5,0,14,14
4,10,4,10,10,0,1,1000,512,10000,5,29,15,15
4,1,4,1000000,10,0,1,10,1024,100,5,29,15,15
4,1,2,10,1,1,1000,10,512,100,5,0,760,760
2,10,4,10,10,0,1000,10,1024,100,2,29,9754,9754
2,10,2,1000000,1,1,1,10,1024,100,2,0,1,1
4,10,4,1000000,1,0,1000,10,1024,100,2,0,893,893
4,10,2,10,1,1,1,10,1024,100,5,29,3,3
4,10,4,1000000,10,1,1000,1000,512,10000,5,29,17863,17863
4,1,4,1000000,1,1,1,10,512,100,5,0,3,3
2,1,4,10,1,0,1,1000,1024,10000,5,0,2,2
4,10,2,1000000,1,0,1000,1000,1024,10000,5,29,761,761
2,1,2,10,1,1,1,1000,1024,10000,5,0,2,2
4,1,2,1000000,10,1,1000,1000,1024,10000,2,0,20034,20034
2,1,2,1000000,1,0,1000,1000,1024,10000,2,0,322,322
4,10,2,1000000,10,1,1000,1000,1024,10000,5,29,21336,21336
4,10,2,1000000,1,1,1000,1000,1024,10000,2,0,614,614
2,1,4,10,1,0,1000,10,512,100,5,0,305,305
4,10,2,1000000,1,1,1,10,512,100,2,29,3,3
2,10,2,1000000,1,1,1,10,512,100,5,0,1,1
2,10,2,10,10,1,1000,1000,1024,10000,2,29,17215,17215
4,10,4,1000000,10,1,1,1000,1024,10000,2,0,13,13
2,10,2,10,1,0,1000,1000,512,10000,2,29,288,288
4,10,2,10,1,0,1000,10,1024,100,2,0,648,648
4,10,2,1000000,10,0,1,1000,1024,10000,2,0,14,14
4,1,2,1000000,1,1,1,10,1024,100,5,0,2,2
4,1,2,10,10,0,1000,1000,1024,10000,2,29,18906,18906
4,10,2,1000000,1,1,1000,1000,512,10000,2,29,754,754
4,10,4,1000000,10,1,1000,1000,1024,10000,5,29,16462,16462
4,10,4,1000000,10,1,1000,10,1024,100,5,0,18847,18847
2,1,2,10,10,1,1000,1000,512,10000,2,29,19510,19510
4,1,4,10,10,1,1000,10,512,100,2,29,16881,16881
2,10,4,10,1,1,1000,1000,1024,10000,5,29,264,264
2,10,2,10,1,0,1000,10,1024,100,2,0,271,271
2,10,4,10,1,0,1000,10,512,100,2,29,327,327
4,1,2,1000000,10,0,1,10,512,100,2,29,16,16
2,10,2,1000000,10,0,1000,1000,512,10000,2,0,16008,16008
2,1,2,10,10,1,1,1000,512,10000,2,0,5,5
4,1,2,1000000,1,1,1000,1000,512,10000,2,29,667,667
2,10,2,10,10,1,1000,1000,512,10000,5,0,16483,16483
2,10,2,10,1,0,1000,10,512,100,2,29,304,304
4,10,4,10,10,1,1,1000,1024,10000,2,0,14,14
2,1,2,10,10,0,1,10,1024,100,5,29,6,6
2,10,2,1000000,10,0,1,10,512,100,5,29,6,6
4,1,2,1000000,1,1,1,10,1024,100,2,0,3,3
4,1,4,1000000,10,1,1,1000,1024,10000,2,29,12,12
2,10,4,1000000,1,0,1,1000,1024,10000,2,0,1,1
4,1,4,10,10,0,1000,1000,1024,10000,2,0,17411,17411
2,1,2,1000000,1,1,1000,1000,512,10000,2,29,269,269
4,1,4,1000000,1,0,1000,1000,1024,10000,5,29,662,662
4,1,4,1000000,10,1,1000,10,512,100,2,29,19811,19811
4,10,2,10,1,1,1,1000,512,10000,5,29,3,3
4,10,4,1000000,1,0,1,10,1024,100,2,29,3,3
2,10,2,10,1,0,1,1000,512,10000,2,0,2,2
4,10,2,1000000,1,1,1,10,512,100,5,0,3,3
2,10,2,1000000,10,0,1,1000,1024,10000,2,0,6,6
2,1,2,10,1,0,1,1000,1024,10000,5,29,2,2
2,1,4,1000000,10,0,1,10,512,100,2,0,6,6
4,1,4,10,10,1,1000,10,512,100,5,0,20242,20242
2,10,4,10,10,0,1,1000,512,10000,2,0,6,6
4,1,4,1000000,1,1,1000,1000,1024,10000,2,29,674,674
2,10,2,1000000,1,1,1000,10,512,100,2,0,313,313
4,1,4,10,10,1,1000,10,1024,100,5,0,17234,17234
2,1,4,10,10,1,1,10,512,100,2,29,7,7
4,1,2,1000000,1,0,1,1000,512,10000,5,29,3,3
2,1,4,1000000,1,0,1000,1000,512,10000,2,29,264,264
4,1,4,1000000,1,0,1,10,512,100,2,0,3,3
2,1,4,10,1,1,1000,1000,1024,10000,2,0,283,283
2,10,2,10,1,0,1,10,1024,100,2,29,2,2
4,10,4,1000000,1,1,1,1000,1024,10000,2,29,3,3
4,1,4,1000000,10,1,1000,10,512,100,5,29,22697,22697
4,1,2,1000000,1,1,1000,1000,1024,10000,5,29,739,739
4,1,2,10,1,0,1,1000,1024,10000,5,0,3,3
2,10,4,1000000,10,1,1000,10,1024,100,5,0,10418,10418
4,10,4,10,1,1,1000,1000,1024,10000,5,0,585,585
2,1,4,10,10,1,1000,10,512,100,2,29,9346,9346
2,10,4,1000000,10,0,1,1000,1024,10000,2,29,6,6
4,10,4,1000000,10,0,1000,10,512,100,5,0,17942,17942
2,1,2,1000000,1,0,1,10,1024,100,2,29,1,1
4,1,2,10,1,0,1,10,512,100,5,29,3,3
4,1,4,10,1,0,1000,1000,1024,10000,5,29,793,793
4,10,4,10,1,1,1000,1000,1024,10000,2,0,900,900
4,10,4,1000000,10,0,1,1000,1024,10000,2,29,14,14
4,10,2,10,1,1,1000,1000,1024,10000,5,29,797,797
2,1,2,10,10,0,1000,1000,512,10000,5,29,21989,21989
4,10,2,10,1,0,1,10,512,100,2,0,3,3
2,1,2,10,10,1,1,10,512,100,5,0,6,6
2,10,2,10,1,1,1,10,1024,100,2,29,2,2
4,1,2,10,10,0,1,10,512,100,2,0,14,14
4,10,4,1000000,1,0,1,1000,512,10000,5,29,3,3
4,1,2,1000000,1,1,1000,10,512,100,5,29,719,719
2,10,4,10,10,0,1000,10,512,100,2,0,7926,7926
2,1,4,1000000,10,0,1,10,1024,100,5,29,6,6
2,10,4,1000000,1,1,1,1000,512,10000,5,0,2,2
4,1,2,10,10,0,1000,1000,1024,10000,2,0,27437,27437
4,10,4,10,10,0,1,10,512,100,5,0,13,13
4,10,2,1000000,10,1,1000,10,1024,100,5,29,20049,20049
4,10,4,1000000,1,0,1000,10,512,100,2,0,681,681
4,10,4,10,1,0,1000,10,512,100,5,0,690,690
4,1,4,10,10,0,1,10,1024,100,2,29,14,14
4,1,2,10,1,0,1,10,1024,100,5,0,3,3
2,10,4,1000000,1,1,1,10,1024,100,5,0,1,1
4,10,4,10,1,0,1000,1000,1024,10000,5,0,783,783
4,10,4,10,1,1,1,1000,1024,10000,2,0,3,3
4,1,4,1000000,1,1,1000,1000,512,10000,5,29,768,768
4,1,2,1000000,1,0,1000,10,512,100,5,0,703,703
2,10,2,10,10,1,1000,1000,512,10000,5,29,22197,22197
4,1,2,10,1,0,1000,1000,512,10000,5,0,725,725
2,10,4,1000000,1,1,1,1000,512,10000,2,0,1,1
2,10,4,1000000,10,1,1,10,512,100,2,29,6,6
4,10,4,10,1,1,1,10,512,100,2,29,3,3
4,10,2,1000000,1,1,1000,10,512,100,2,0,725,725
4,10,4,10,1,1,1000,1000,512,10000,2,0,733,733
4,10,4,10,1,0,1,1000,1024,10000,5,29,3,3
4,1,4,10,10,1,1000,10,1024,100,2,0,18642,18642
2,1,2,1000000,1,0,1,1000,1024,10000,2,29,1,1
4,1,4,10,10,1,1,1000,1024,10000,5,0,13,13
4,1,2,10,10,0,1,10,512,100,5,0,14,14
4,10,4,10,1,0,1000,10,512,100,5,29,717,717
4,10,2,1000000,1,0,1000,1000,512,10000,2,29,653,653
4,10,4,10,1,0,1000,1000,512,10000,2,0,696,696
2,1,4,10,10,1,1000,10,512,100,2,0,8118,8118
2,10,2,10,1,0,1,1000,512,10000,2,29,1,1
2,10,2,10,10,0,1,10,512,100,5,29,6,6
4,10,2,10,1,1,1,10,512,100,2,29,3,3
2,10,2,10,1,0,1000,10,512,100,5,29,320,320
4,10,4,1000000,10,1,1,10,512,100,2,0,15,15
4,1,4,1000000,10,0,1,10,512,100,2,29,15,15
4,10,4,10,10,0,1000,1000,512,10000,2,0,16562,16562
4,1,2,10,1,0,1,1000,1024,10000,5,29,3,3
2,10,4,10,1,1,1000,10,1024,100,2,29,265,265
2,10,4,1000000,10,0,1000,1000,1024,10000,2,0,7825,7825
2,1,4,1000000,1,0,1,10,1024,100,5,29,1,1
4,1,2,10,1,0,1000,1000,512,10000,2,29,630,630
2,1,2,1000000,10,0,1,1000,1024,10000,5,29,6,6
2,1,4,10,10,1,1,10,512,100,5,29,6,6
2,10,2,10,10,0,1000,1000,1024,10000,5,0,15267,15267
2,1,2,1000000,10,1,1,1000,1024,10000,5,29,6,6
2,1,4,1000000,1,1,1,1000,1024,10000,2,29,1,1
2,10,2,1000000,1,1,1000,10,1024,100,5,29,288,288
2,10,4,10,1,1,1,1000,1024,10000,5,0,1,1
4,10,4,1000000,10,0,1,10,512,100,5,0,13,13
2,10,4,1000000,1,1,1,10,512,100,5,0,2,2
2,10,4,10,10,0,1,1000,512,10000,5,29,6,6
2,1,4,10,1,1,1,1000,512,10000,5,29,1,1
4,1,4,1000000,10,1,1,1000,512,10000,2,29,13,13
2,1,2,1000000,1,1,1,1000,512,10000,2,0,1,1
4,1,4,1000000,1,1,1,10,512,100,5,29,3,3
2,1,2,10,1,1,1000,1000,1024,10000,5,0,282,282
2,10,4,10,1,0,1,1000,1024,10000,2,0,2,2
2,10,4,1000000,10,0,1,1000,1024,10000,5,29,5,5
4,10,2,10,10,1,1000,1000,512,10000,5,0,20876,20876
2,1,2,10,10,1,1000,1000,512,10000,5,0,15215,15215
4,1,2,10,1,1,1,10,1024,100,2,0,3,3
2,10,4,10,1,0,1000,1000,512,10000,5,0,278,278
4,1,2,10,1,1,1000,10,512,100,5,29,702,702
2,1,2,10,1,0,1000,10,1024,100,2,0,280,280
2,1,4,10,10,1,1000,1000,512,10000,5,29,8598,8598
2,1,2,1000000,10,0,1000,10,1024,100,2,0,21152,21152
4,10,2,1000000,10,1,1000,10,512,100,5,29,20193,20193
4,10,4,1000000,10,0,1000,10,1024,100,2,0,18869,18869
4,1,2,1000000,10,1,1000,10,512,100,5,29,21832,21832
4,10,2,1000000,1,0,1000,10,512,100,5,0,876,876
2,10,2,10,1,1,1,1000,1024,10000,2,29,1,1
4,10,4,1000000,1,1,1000,10,1024,100,2,0,653,653
2,10,4,10,10,1,1000,1000,512,10000,5,29,8284,8284
2,10,4,1000000,10,1,1000,1000,512,10000,5,0,9983,9983
2,10,2,1000000,1,0,1000,10,512,100,5,29,275,275
4,1,2,1000000,1,0,1,10,1024,100,2,29,4,4
4,1,4,10,1,0,1000,1000,512,10000,2,0,806,806
4,10,2,1000000,1,0,1,1000,512,10000,5,29,3,3
2,10,2,10,1,1,1000,10,512,100,2,29,293,293
4,1,4,10,1,0,1000,10,512,100,5,29,841,841
2,10,2,1000000,1,1,1,1000,512,10000,2,0,1,1
2,1,4,1000000,1,0,1000,10,512,100,5,29,306,306
4,10,4,10,1,1,1,10,1024,100,2,0,3,3
2,1,4,10,1,0,1000,1000,512,10000,2,0,273,273
4,10,2,1000000,10,1,1,10,1024,100,5,0,14,14
2,10,4,10,1,1,1,10,1024,100,5,29,2,2
2,1,2,10,10,0,1000,10,512,100,2,29,17703,17703
2,10,4,10,10,0,1000,10,1024,100,5,0,9669,9669
2,1,2,10,1,0,1000,1000,512,10000,2,0,311,311
2,10,2,1000000,10,1,1000,10,1024,100,5,29,14634,14634
2,10,4,10,10,1,1000,10,512,100,2,29,9577,9577
4,10,2,10,10,0,1000,10,512,100,2,29,18719,18719
2,1,2,10,1,0,1,1000,512,10000,5,0,1,1
2,1,4,10,1,1,1,1000,512,10000,2,29,1,1
2,10,4,1000000,10,0,1000,10,1024,100,5,0,11796,11796
4,1,4,10,1,0,1000,10,512,100,5,0,905,905
2,10,4,1000000,10,0,1,1000,1024,10000,2,0,6,6
2,1,4,10,10,1,1000,10,1024,100,5,29,8491,8491
4,1,2,1000000,10,0,1000,1000,512,10000,5,29,21774,21774
2,1,2,1000000,10,1,1,10,512,100,5,0,5,5
4,1,2,1000000,1,1,1,1000,512,10000,2,29,3,3
4,10,2,1000000,10,1,1000,1000,512,10000,5,0,18768,18768
2,10,4,1000000,10,0,1000,10,512,100,2,29,8748,8748
2,10,2,1000000,10,1,1000,1000,512,10000,2,29,10421,10421
2,1,2,10,1,0,1,10,1024,100,2,29,1,1
2,10,2,1000000,10,1,1000,10,512,100,5,0,14041,14041
2,10,4,1000000,1,1,1,1000,512,10000,5,29,1,1
4,1,2,1000000,10,0,1,1000,1024,10000,2,0,14,14
4,1,2,10,10,0,1,1000,512,10000,2,29,17,17
2,10,2,10,10,1,1,1000,1024,10000,5,29,6,6
4,1,2,10,1,1,1,1000,1024,10000,5,0,4,4
2,10,2,10,10,1,1,1000,512,10000,2,29,5,5
2,1,4,1000000,10,0,1000,1000,1024,10000,5,0,14446,14446
4,10,2,10,10,1,1000,1000,512,10000,5,29,18979,18979
2,10,4,1000000,1,1,1000,10,512,100,2,29,255,255
2,10,4,1000000,1,1,1,1000,1024,10000,2,29,1,1
2,1,4,10,1,1,1,1000,1024,10000,2,29,2,2
2,1,4,10,10,1,1,10,1024,100,2,29,6,6
4,1,2,10,10,1,1,1000,1024,10000,5,0,13,13
2,10,4,1000000,10,1,1000,10,1024,100,2,0,13648,13648
2,1,4,1000000,1,1,1000,1000,512,10000,5,29,296,296
4,1,2,1000000,10,1,1,1000,512,10000,5,0,15,15
2,1,4,10,10,0,1,10,512,100,5,29,5,5
2,1,4,10,10,0,1,10,512,100,5,0,6,6
2,1,2,10,10,1,1000,1000,1024,10000,2,29,18848,18848
4,1,2,10,1,0,1,1000,512,10000,5,29,3,3
2,10,2,1000000,1,1,1000,1000,1024,10000,2,0,291,291
4,1,4,1000000,10,0,1000,10,1024,100,5,0,16297,16297
2,1,2,10,1,0,1,1000,512,10000,5,29,1,1
4,10,2,10,1,0,1,1000,512,10000,2,0,3,3
2,1,2,1000000,1,1,1000,1000,1024,10000,2,0,241,241
4,1,2,10,1,0,1,10,512,100,2,0,3,3
4,10,4,1000000,10,1,1,10,1024,100,2,0,14,14
4,10,4,1000000,1,1,1000,1000,512,10000,5,0,793,793
2,1,4,10,10,0,1,10,512,100,2,29,6,6
4,1,4,10,10,0,1,10,1024,100,5,29,14,14
2,10,2,10,10,0,1,1000,512,10000,5,29,6,6
2,10,2,1000000,1,0,1000,1000,1024,10000,5,29,311,311
4,1,4,10,1,1,1,10,512,100,2,29,3,3
4,1,2,1000000,1,0,1000,10,512,100,2,29,696,696
2,1,2,1000000,10,1,1,10,1024,100,5,29,6,6
2,1,2,1000000,10,1,1000,1000,1024,10000,2,29,14838,14838
4,10,2,10,10,0,1,1000,1024,10000,2,29,13,13
4,1,2,1000000,1,0,1000,1000,512,10000,5,29,731,731
2,10,4,1000000,10,0,1,10,1024,100,5,0,5,5
4,1,2,1000000,1,1,1000,1000,512,10000,2,0,812,812
4,1,4,10,10,1,1,1000,512,10000,2,0,14,14
4,10,4,1000000,1,1,1000,10,512,100,5,29,688,688
4,1,4,10,1,1,1000,10,1024,100,5,29,707,707
4,10,2,1000000,10,0,1,1000,1024,10000,5,29,14,14
2,10,4,10,1,0,1,10,1024,100,2,29,1,1
4,1,2,10,10,0,1,1000,512,10000,2,0,13,13
2,1,4,1000000,1,0,1000,10,1024,100,2,29,269,269
4,10,4,10,1,0,1000,1000,512,10000,5,0,704,704
4,10,2,10,1,0,1,1000,1024,10000,2,0,3,3
2,1,2,1000000,1,0,1000,1000,512,10000,2,29,272,272
2,10,4,10,1,1,1,10,1024,100,5,0,1,1
4,10,2,10,1,1,1000,1000,512,10000,5,0,663,663
2,10,4,10,1,0,1000,10,512,100,5,0,287,287
4,1,2,10,10,1,1,1000,1024,10000,2,29,14,14
2,10,4,1000000,1,0,1000,10,1024,100,2,29,202,202
4,10,2,10,1,1,1,1000,512,10000,5,0,3,3
2,1,4,10,10,0,1,1000,1024,10000,5,0,6,6
4,1,4,10,10,0,1,1000,1024,10000,2,0,15,15
2,1,2,1000000,1,0,1000,10,1024,100,2,29,311,311
2,10,2,1000000,1,0,1000,1000,512,10000,5,29,302,302
4,1,2,10,1,0,1,1000,1024,10000,2,29,3,3
2,10,4,1000000,10,1,1000,10,512,100,5,0,9940,9940
2,1,2,10,10,0,1000,1000,1024,10000,2,0,17760,17760
2,10,2,10,10,0,1,1000,512,10000,2,0,6,6
4,1,4,10,10,1,1,10,512,100,2,29,15,15
4,10,2,10,10,0,1000,10,1024,100,2,0,18511,18511
2,10,2,1000000,1,1,1,10,1024,100,5,0,2,2
4,10,4,10,10,0,1000,10,1024,100,5,29,17772,17772
2,1,2,10,1,1,1,10,512,100,2,29,1,1
4,10,4,1000000,10,0,1000,1000,512,10000,2,0,20633,20633
2,10,4,10,10,0,1000,1000,1024,10000,2,0,7310,7310
4,10,2,10,1,1,1000,10,512,100,5,29,650,650
4,1,2,10,10,0,1,10,1024,100,5,29,13,13
4,10,2,10,10,0,1,1000,512,10000,2,29,13,13
4,10,4,1000000,1,0,1,10,1024,100,5,0,3,3
4,1,4,10,10,0,1000,10,512,100,5,0,16338,16338
2,1,2,10,1,0,1,10,512,100,5,29,2,2
4,10,2,1000000,10,0,1000,10,1024,100,2,0,15052,15052
4,1,4,10,10,0,1000,1000,1024,10000,5,29,15922,15922
2,1,4,10,10,0,1,1000,1024,10000,2,29,6,6
4,10,4,1000000,1,1,1000,1000,512,10000,2,29,812,812
2,10,2,1000000,10,1,1000,1000,1024,10000,2,29,18608,18608
2,10,2,1000000,10,0,1000,10,1024,100,5,29,18220,18220
4,10,4,10,10,1,1000,1000,512,10000,5,29,17445,17445
2,10,2,10,10,1,1000,10,512,100,5,29,12226,12226
4,1,4,1000000,10,1,1000,1000,512,10000,5,0,18621,18621
2,1,2,10,1,1,1000,10,512,100,2,0,310,310
2,1,2,1000000,10,1,1,1000,512,10000,2,29,5,5
4,1,2,1000000,1,0,1,1000,512,10000,2,0,3,3
4,10,4,10,10,0,1,10,1024,100,2,0,13,13
4,10,4,10,10,0,1,10,1024,100,5,0,14,14
2,10,2,10,10,0,1000,1000,512,10000,5,29,18024,18024
4,1,4,10,1,1,1,10,1024,100,5,29,3,3
2,10,2,10,10,1,1,10,1024,100,2,0,5,5
4,1,2,10,1,0,1000,1000,1024,10000,5,29,709,709
2,1,2,1000000,1,0,1000,1000,1024,10000,5,0,304,304
4,1,2,10,1,1,1000,10,1024,100,5,29,701,701
2,1,4,10,10,0,1000,10,512,100,5,29,10912,10912
2,1,2,1000000,10,0,1000,1000,512,10000,5,29,20233,20233
4,10,2,1000000,1,1,1,1000,512,10000,5,0,3,3
4,1,2,10,1,1,1,10,512,100,2,29,4,4
4,1,4,1000000,10,1,1000,10,1024,100,5,29,19096,19096
2,1,2,1000000,10,1,1000,1000,1024,10000,2,0,11891,11891
2,1,4,1000000,1,1,1000,1000,512,10000,2,0,245,245
2,1,4,10,1,0,1,10,512,100,2,29,2,2
2,1,4,1000000,10,1,1000,10,512,100,5,0,10134,10134
2,10,4,10,10,0,1,1000,1024,10000,5,29,6,6
2,1,2,1000000,1,1,1,10,1024,100,5,29,1,1
2,10,4,10,10,1,1,10,1024,100,2,29,6,6
2,1,4,1000000,10,1,1,1000,1024,10000,5,29,6,6
4,1,4,1000000,10,0,1,1000,1024,10000,2,0,18,18
2,10,4,10,1,0,1000,1000,1024,10000,5,0,261,261
2,10,4,1000000,1,0,1,10,1024,100,2,29,1,1
4,10,2,10,1,0,1000,1000,1024,10000,2,0,704,704
4,10,2,1000000,1,0,1,1000,512,10000,5,0,3,3
4,10,4,10,10,0,1000,10,512,100,5,29,18258,18258
2,10,2,10,10,0,1000,10,1024,100,2,0,13525,13525
2,1,4,10,10,1,1000,1000,512,10000,5,0,10852,10852
2,1,4,1000000,10,1,1000,10,512,100,2,29,10789,10789
2,1,2,10,1,0,1000,1000,512,10000,5,0,353,353
4,10,2,10,1,1,1,1000,1024,10000,2,29,3,3
2,10,4,10,1,0,1,1000,1024,10000,2,29,1,1
2,1,4,10,10,0,1000,1000,512,10000,5,0,8227,8227
4,10,2,10,1,1,1000,10,1024,100,5,0,869,869
4,10,2,1000000,1,0,1000,1000,512,10000,5,0,753,753
2,1,4,1000000,10,0,1000,10,1024,100,2,0,8146,8146
2,10,2,1000000,10,0,1000,10,512,100,5,0,21199,21199
4,10,4,10,1,1,1000,10,512,100,2,29,594,594
2,1,2,1000000,1,0,1000,1000,512,10000,2,0,284,284
4,1,2,1000000,1,1,1000,10,512,100,2,29,733,733
4,10,2,10,1,1,1000,1000,512,10000,2,29,657,657
4,1,2,10,1,0,1000,10,1024,100,5,0,677,677
4,1,2,1000000,1,1,1000,1000,512,10000,5,0,831,831
4,1,4,10,10,0,1000,1000,1024,10000,2,29,19333,19333
2,1,2,1000000,1,0,1,10,512,100,2,29,2,2
4,1,2,10,10,1,1,1000,1024,10000,5,29,19,19
2,1,4,1000000,10,0,1,10,1024,100,5,0,6,6
4,10,2,10,10,0,1,10,512,100,2,0,13,13
4,10,2,10,10,1,1,1000,512,10000,2,0,13,13
2,10,2,1000000,1,0,1,10,1024,100,2,29,1,1
2,1,4,10,10,0,1,10,1024,100,5,29,6,6
2,10,2,1000000,10,0,1000,1000,512,10000,5,0,18272,18272
2,1,2,1000000,1,1,1,1000,1024,10000,5,0,1,1
2,10,4,10,10,0,1000,1000,512,10000,5,29,9214,9214
4,1,4,10,1,0,1,10,1024,100,5,0,3,3
4,1,2,10,1,0,1000,10,512,100,2,0,921,921
2,1,4,1000000,1,1,1000,1000,512,10000,5,0,310,310
2,1,4,10,10,1,1,10,1024,100,2,0,6,6
4,1,4,10,10,0,1000,10,1024,100,2,0,17797,17797
4,10,4,10,10,1,1,10,512,100,5,0,13,13
4,10,4,10,1,0,1000,10,1024,100,2,0,692,692
2,1,4,1000000,10,0,1,1000,1024,10000,2,29,6,6
2,1,2,1000000,1,1,1,1000,512,10000,2,29,1,1
4,10,4,10,10,0,1000,10,1024,100,2,0,15440,15440
4,1,2,1000000,1,0,1000,10,1024,100,2,29,693,693
4,10,4,10,1,0,1,1000,512,10000,5,0,3,3
2,1,4,1000000,1,0,1000,1000,512,10000,5,0,269,269
4,1,2,10,10,0,1,10,512,100,2,29,14,14
4,10,4,10,10,1,1,1000,1024,10000,2,29,15,15
4,1,2,10,1,0,1000,1000,1024,10000,2,29,796,796
4,10,2,1000000,10,1,1000,1000,1024,10000,2,0,19409,19409
2,1,4,10,10,1,1,1000,1024,10000,5,29,6,6
4,1,4,10,10,0,1,1000,1024,10000,5,29,14,14
4,10,4,10,10,1,1000,10,512,100,2,29,13789,13789
2,10,4,1000000,10,0,1,1000,512,10000,5,29,7,7
4,1,2,1000000,10,0,1000,1000,1024,10000,5,29,20715,20715
2,10,2,10,10,1,1000,1000,1024,10000,5,29,17259,17259
4,10,2,1000000,1,1,1,10,1024,100,5,29,3,3
2,1,4,10,10,0,1,10,1024,100,2,0,6,6
2,10,2,1000000,10,1,1,1000,512,10000,5,0,6,6
2,1,4,10,1,1,1,10,512,100,2,0,1,1
4,1,4,1000000,10,0,1,1000,512,10000,2,0,13,13
4,1,2,1000000,1,0,1,10,512,100,5,0,3,3
2,1,2,10,1,1,1000,1000,512,10000,5,29,312,312
2,1,2,1000000,10,0,1000,10,512,100,2,29,19122,19122
4,1,4,1000000,1,0,1000,1000,512,10000,2,29,759,759
2,10,4,1000000,1,1,1,1000,512,10000,2,29,2,2
4,1,2,1000000,1,1,1,1000,1024,10000,5,29,3,3
2,10,2,1000000,10,0,1,1000,512,10000,2,29,5,5
2,10,2,1000000,1,1,1000,1000,1024,10000,5,0,304,304
4,1,2,1000000,1,0,1,10,1024,100,5,0,3,3
2,1,4,1000000,10,0,1,10,512,100,5,0,6,6
4,10,4,1000000,10,0,1,1000,1024,10000,5,29,15,15
4,1,4,10,10,0,1000,10,1024,100,5,0,13012,13012
4,1,2,10,10,0,1000,10,512,100,2,29,18804,18804
2,10,2,1000000,1,1,1,10,512,100,2,0,1,1
4,10,4,1000000,10,0,1000,1000,1024,10000,5,29,20463,20463
2,10,4,1000000,1,0,1000,1000,1024,10000,2,0,277,277
2,10,2,10,10,0,1,10,1024,100,5,0,5,5
2,10,2,1000000,10,0,1,1000,512,10000,5,0,5,5
4,10,4,10,10,1,1000,1000,512,10000,2,29,17393,17393
4,10,2,1000000,10,0,1000,10,1024,100,5,0,23376,23376
2,10,4,1000000,1,0,1,10,512,100,2,0,2,2
2,1,4,1000000,1,0,1,10,1024,100,2,0,2,2
4,1,2,10,1,1,1,1000,512,10000,5,29,3,3
2,1,4,10,1,0,1000,1000,512,10000,5,29,308,308
2,10,2,10,1,1,1000,1000,512,10000,2,0,292,292
4,1,4,1000000,10,0,1,1000,512,10000,5,0,12,12
2,1,4,1000000,10,0,1,1000,1024,10000,2,0,6,6
4,1,4,1000000,1,0,1,1000,512,10000,2,0,3,3
4,10,4,1000000,10,1,1000,10,1024,100,2,29,17764,17764
4,1,4,1000000,1,0,1,10,512,100,5,29,3,3
2,1,2,1000000,10,1,1000,10,1024,100,2,0,17199,17199
2,10,4,1000000,1,0,1000,1000,1024,10000,2,29,238,238
4,10,4,10,1,1,1,1000,1024,10000,5,0,3,3
2,1,4,1000000,1,0,1000,1000,1024,10000,2,29,323,323
2,1,4,1000000,1,0,1000,1000,1024,10000,5,0,287,287
4,1,4,1000000,10,0,1000,1000,1024,10000,2,0,16056,16056
4,1,4,10,10,0,1000,10,512,100,2,29,13376,13376
4,1,4,1000000,1,0,1000,1000,512,10000,5,29,892,892
2,10,4,10,10,0,1000,1000,512,10000,2,29,11774,11774
4,10,2,10,10,0,1000,10,512,100,5,29,17735,17735
2,1,2,10,1,1,1,10,1024,100,5,0,2,2
2,10,4,10,1,1,1,1000,512,10000,5,29,2,2
4,10,2,1000000,1,1,1,1000,512,10000,2,0,3,3
2,10,4,10,1,0,1000,1000,512,10000,2,29,268,268
2,1,2,10,10,0,1000,10,1024,100,5,29,14441,14441
2,1,2,10,1,0,1000,1000,512,10000,2,29,292,292
2,1,2,10,10,0,1000,1000,1024,10000,5,0,16906,16906
2,10,2,1000000,1,1,1000,1000,512,10000,2,0,319,319
4,1,4,10,1,1,1000,10,1024,100,2,29,600,600
4,10,4,1000000,10,0,1,1000,512,10000,5,0,15,15
4,1,4,1000000,1,1,1,1000,512,10000,5,0,3,3
4,10,4,10,10,1,1,10,512,100,5,29,14,14
2,10,2,1000000,10,0,1,1000,1024,10000,5,0,6,6
4,1,2,10,1,1,1000,1000,512,10000,2,0,602,602
4,10,2,10,10,0,1,10,1024,100,5,29,14,14
4,1,4,10,1,0,1,1000,512,10000,2,29,3,3
2,10,2,10,10,0,1,1000,512,10000,5,0,5,5
2,1,4,1000000,10,0,1,10,1024,100,2,0,6,6
2,10,2,1000000,1,0,1000,10,512,100,5,0,264,264
2,1,4,10,10,0,1000,1000,1024,10000,5,0,10686,10686
2,10,2,1000000,1,0,1000,1000,512,10000,2,0,331,331
4,1,4,10,1,1,1000,1000,1024,10000,2,0,739,739
4,10,4,1000000,1,1,1,1000,512,10000,5,0,3,3
2,10,4,1000000,10,0,1000,1000,512,10000,2,29,10343,10343
4,1,2,10,1,0,1,1000,512,10000,2,0,3,3
2,10,2,1000000,1,0,1,10,512,100,5,29,4,4
2,1,2,1000000,10,0,1000,10,512,100,2,0,22277,22277
4,1,2,10,1,1,1,10,1024,100,5,0,3,3
2,1,2,10,1,1,1000,1000,1024,10000,2,29,326,326
4,1,4,10,10,1,1000,1000,1024,10000,2,29,18348,18348
2,1,2,10,10,0,1,10,512,100,5,0,5,5
2,10,2,10,1,1,1,10,1024,100,2,0,2,2
4,1,4,1000000,1,0,1,1000,1024,10000,2,0,3,3
2,1,4,1000000,10,1,1,1000,1024,10000,2,29,6,6
4,10,2,1000000,10,0,1,10,1024,100,2,0,13,13
2,1,2,1000000,1,1,1000,10,1024,100,5,0,287,287
4,10,2,1000000,1,0,1000,10,1024,100,2,29,672,672
4,1,4,1000000,10,1,1,10,1024,100,2,0,14,14
4,10,2,1000000,1,1,1000,10,512,100,5,0,621,621
2,10,4,1000000,1,0,1000,1000,512,10000,5,0,264,264
4,1,2,10,1,0,1000,10,1024,100,5,29,712,712
2,1,4,10,1,1,1,1000,1024,10000,2,0,2,2
4,10,4,1000000,10,0,1000,1000,512,10000,5,29,17581,17581
4,1,2,10,10,0,1,10,512,100,5,29,12,12
4,1,4,10,10,1,1,10,1024,100,5,29,14,14
4,1,2,1000000,1,1,1000,1000,1024,10000,2,29,702,702
2,1,4,1000000,10,1,1000,10,1024,100,2,29,8973,8973
2,10,4,1000000,1,0,1,10,512,100,5,0,2,2
4,10,4,1000000,10,0,1,1000,1024,10000,2,0,14,14
2,1,2,1000000,1,1,1,1000,1024,10000,5,29,2,2
2,1,4,1000000,1,0,1000,1000,512,10000,2,0,294,294
2,10,4,1000000,1,1,1000,1000,512,10000,2,29,268,268
2,10,2,10,10,0,1,10,1024,100,5,29,6,6
4,10,2,10,1,1,1,1000,1024,10000,2,0,3,3
4,10,2,10,10,1,1,10,1024,100,2,29,15,15
2,1,4,1000000,10,1,1000,10,512,100,2,0,9341,9341
4,10,4,1000000,1,1,1000,1000,1024,10000,5,0,822,822
2,10,2,1000000,10,1,1,1000,512,10000,5,29,6,6
4,1,4,10,10,1,1,10,1024,100,5,0,14,14
2,1,4,10,10,1,1,10,1024,100,5,29,6,6
4,1,4,1000000,1,1,1000,10,512,100,2,29,771,771
4,1,4,10,10,0,1,1000,512,10000,2,0,14,14
2,1,4,1000000,1,1,1000,1000,1024,10000,2,29,253,253
2,10,4,10,10,0,1,10,1024,100,2,0,6,6
2,1,2,1000000,1,1,1000,10,512,100,2,0,316,316
2,10,2,1000000,1,1,1000,1000,512,10000,5,0,295,295
2,10,2,1000000,10,1,1,1000,1024,10000,2,0,7,7
2,10,4,1000000,1,0,1000,10,512,100,5,29,290,290
2,10,2,10,1,0,1000,1000,1024,10000,2,0,308,308
4,1,2,10,10,0,1,10,1024,100,5,0,13,13
4,1,4,1000000,10,0,1,10,512,100,5,0,12,12
2,10,2,1000000,10,0,1000,10,1024,100,2,29,18857,18857
2,10,4,10,10,0,1000,1000,512,10000,2,0,11788,11788
4,1,4,10,10,1,1,10,1024,100,2,29,14,14
2,10,2,1000000,1,1,1,1000,1024,10000,5,0,1,1
2,10,4,10,10,0,1,10,512,100,5,0,6,6
2,1,4,10,1,0,1,10,512,100,2,0,1,1
4,10,4,10,1,0,1,10,1024,100,2,29,3,3
2,10,2,10,1,1,1,1000,512,10000,2,0,2,2
2,10,4,1000000,10,1,1,10,512,100,5,0,6,6
4,10,4,10,1,1,1,1000,512,10000,2,0,3,3
4,1,4,1000000,10,1,1,10,1024,100,5,0,16,16
2,1,2,1000000,1,0,1000,10,1024,100,5,29,407,407
2,10,4,10,10,1,1,1000,1024,10000,5,29,5,5
2,10,2,10,10,0,1000,10,512,100,2,29,19617,19617
2,1,4,10,10,0,1,1000,512,10000,5,29,5,5
4,1,2,10,1,1,1,10,512,100,5,0,3,3
4,10,2,10,10,1,1,1000,1024,10000,5,29,17,17
2,1,4,10,1,1,1000,1000,512,10000,5,29,293,293
4,1,2,1000000,10,0,1,10,512,100,5,0,13,13
2,10,4,1000000,1,0,1,1000,1024,10000,2,29,1,1
2,1,2,1000000,1,1,1,10,1024,100,5,0,1,1
4,10,2,10,1,0,1,10,1024,100,5,0,3,3
2,1,2,10,1,0,1,1000,1024,10000,5,0,1,1
2,1,2,10,1,1,1000,10,1024,100,2,29,312,312
4,1,2,1000000,10,1,1,1000,1024,10000,2,0,13,13
2,10,4,1000000,1,1,1000,10,1024,100,2,0,256,256
4,1,2,1000000,1,0,1,10,1024,100,2,0,3,3
2,1,4,10,1,0,1000,1000,1024,10000,2,0,305,305
4,10,4,1000000,1,1,1,1000,1024,10000,2,0,3,3
4,10,2,10,1,1,1,10,1024,100,5,0,3,3
4,1,2,10,10,1,1000,10,512,100,5,0,17918,17918
4,1,4,10,1,0,1,10,1024,100,2,0,3,3
2,1,2,10,1,0,1000,10,1024,100,5,0,311,311
4,10,4,1000000,1,1,1,1000,512,10000,2,0,3,3
2,10,4,10,1,1,1,10,512,100,2,29,2,2
4,10,4,10,10,0,1,10,512,100,2,29,14,14
2,10,4,1000000,1,0,1,10,1024,100,2,0,2,2
4,1,2,10,1,0,1,1000,512,10000,2,29,2,2
4,1,2,1000000,10,1,1,10,1024,100,2,0,15,15
2,1,2,1000000,10,0,1000,1000,1024,10000,2,29,13581,13581
2,10,4,1000000,1,1,1000,1000,512,10000,5,29,239,239
2,1,4,10,1,0,1,1000,1024,10000,2,29,1,1
2,10,2,1000000,10,1,1,1000,512,10000,2,29,5,5
4,10,4,10,1,0,1,10,512,100,5,0,3,3
2,1,2,1000000,10,0,1,10,1024,100,2,0,5,5
4,10,4,10,10,1,1000,10,512,100,2,0,20022,20022
4,10,4,10,1,0,1000,1000,1024,10000,2,0,891,891
2,1,2,1000000,1,0,1,10,512,100,5,0,1,1
2,10,4,10,10,1,1000,1000,1024,10000,5,0,11852,11852
2,10,2,10,10,0,1,1000,1024,10000,5,29,5,5
2,10,4,1000000,10,1,1000,1000,1024,10000,2,0,16669,16669
2,10,4,1000000,10,1,1,10,1024,100,2,0,6,6
4,1,2,1000000,10,1,1000,1000,512,10000,2,0,21236,21236
4,10,4,10,1,1,1000,10,1024,100,5,0,701,701
4,1,4,1000000,1,0,1000,10,1024,100,2,29,696,696
4,10,2,10,10,0,1,10,512,100,5,29,13,13
4,1,2,10,1,1,1000,10,1024,100,2,29,897,897
4,1,2,1000000,10,0,1000,10,512,100,5,29,28537,28537
4,1,4,1000000,1,0,1,10,1024,100,2,29,3,3
4,1,2,1000000,10,1,1000,1000,1024,10000,5,0,15583,15583
2,10,2,1000000,10,1,1000,10,1024,100,2,0,14298,14298
2,10,2,1000000,1,1,1,1000,1024,10000,2,0,2,2
2,1,4,1000000,10,0,1,1000,512,10000,2,29,6,6
4,1,4,10,10,1,1000,10,512,100,5,29,17749,17749
4,10,4,1000000,1,0,1,10,512,100,5,29,3,3
2,10,2,10,1,0,1,1000,512,10000,5,29,2,2
2,10,2,10,1,0,1,1000,1024,10000,2,29,2,2
4,1,2,1000000,10,0,1000,10,512,100,5,0,21505,21505
4,10,2,1000000,1,1,1,1000,1024,10000,5,0,3,3
4,10,2,10,10,1,1,10,1024,100,5,0,14,14
4,10,2,10,1,0,1,10,512,100,5,29,3,3
4,1,2,1000000,10,1,1000,1000,512,10000,2,29,29147,29147
4,1,2,10,10,0,1000,1000,1024,10000,5,29,21592,21592
4,1,2,10,10,1,1000,10,1024,100,5,0,21011,21011
2,1,2,10,1,0,1,10,1024,100,2,0,1,1
2,1,4,10,10,1,1000,10,512,100,5,29,13166,13166
4,1,4,1000000,1,1,1000,10,512,100,5,29,745,745
4,1,4,10,1,0,1000,10,1024,100,2,0,652,652
2,1,4,1000000,1,1,1000,1000,1024,10000,5,29,271,271
4,1,4,10,1,0,1000,1000,1024,10000,5,0,852,852
4,10,4,1000000,1,1,1,10,1024,100,2,0,3,3
4,10,2,1000000,1,0,1,1000,1024,10000,5,0,3,3
4,1,4,1000000,1,0,1000,1000,1024,10000,2,29,733,733
4,10,2,1000000,1,1,1000,10,512,100,2,29,610,610
2,10,4,10,10,1,1,10,1024,100,5,29,5,5
2,1,4,1000000,1,0,1,1000,512,10000,2,0,1,1
4,10,2,10,10,1,1,1000,512,10000,2,29,13,13
4,10,2,10,1,0,1000,10,512,100,2,29,867,867
2,10,2,10,1,1,1000,1000,512,10000,2,29,298,298
4,10,2,10,10,1,1,1000,1024,10000,2,29,13,13
4,1,2,10,1,1,1,1000,1024,10000,2,0,3,3
4,10,2,10,1,1,1,10,1024,100,2,0,3,3
4,10,4,10,10,1,1,1000,1024,10000,5,29,14,14
4,10,2,1000000,1,1,1000,1000,1024,10000,5,29,658,658
4,1,2,1000000,1,1,1,10,512,100,2,0,3,3
4,1,4,10,1,1,1,10,1024,100,2,29,3,3
4,1,2,10,10,1,1000,1000,1024,10000,5,0,21135,21135
2,1,2,10,10,1,1,10,1024,100,2,0,5,5
4,10,2,1000000,10,0,1000,1000,512,10000,5,29,21663,21663
2,1,2,10,10,0,1000,10,1024,100,5,0,17834,17834
4,1,4,1000000,10,1,1000,1000,1024,10000,2,29,19032,19032
4,10,2,10,1,0,1,1000,512,10000,2,29,3,3
4,1,2,10,10,1,1,1000,512,10000,2,0,13,13
4,1,4,1000000,10,0,1000,10,1024,100,2,0,19833,19833
2,1,4,10,10,0,1,1000,512,10000,2,29,6,6
4,10,4,1000000,1,0,1000,1000,1024,10000,5,29,684,684
4,1,2,1000000,1,1,1,1000,1024,10000,2,0,3,3
4,1,4,10,1,0,1000,10,1024,100,2,29,657,657
4,1,4,1000000,1,0,1,1000,1024,10000,2,29,3,3
4,1,2,10,1,1,1000,1000,1024,10000,2,29,793,793
2,10,2,10,10,1,1000,10,1024,100,5,29,13863,13863
4,10,2,1000000,1,0,1,10,1024,100,5,29,3,3
4,1,4,1000000,10,0,1000,1000,512,10000,5,29,14924,14924
4,10,2,1000000,1,0,1000,1000,512,10000,2,0,758,758
4,1,4,1000000,10,0,1000,10,512,100,5,0,18433,18433
2,1,2,1000000,1,0,1,1000,1024,10000,2,0,1,1
2,10,2,10,1,0,1000,1000,512,10000,5,0,324,324
4,10,2,1000000,1,1,1000,10,1024,100,5,29,701,701
2,10,4,1000000,1,0,1000,1000,1024,10000,5,0,245,245
2,10,2,10,1,0,1,10,1024,100,5,29,2,2
2,10,2,10,1,1,1,1000,512,10000,5,29,2,2
2,10,2,1000000,1,1,1,1000,1024,10000,5,29,2,2
4,1,2,10,10,0,1,1000,1024,10000,5,0,14,14
4,10,2,1000000,10,0,1,1000,1024,10000,2,29,16,16
4,1,4,1000000,10,1,1000,10,1024,100,2,29,16211,16211
4,1,2,10,1,1,1000,10,512,100,2,0,604,604
2,10,4,1000000,10,0,1,1000,512,10000,2,29,6,6
4,10,4,1000000,1,0,1,1000,1024,10000,5,29,3,3
2,10,4,10,1,1,1,1000,1024,10000,2,29,2,2
2,1,2,10,1,0,1,10,1024,100,5,29,1,1
4,10,2,10,10,0,1,1000,512,10000,2,0,13,13
2,1,2,10,10,0,1,10,512,100,2,29,6,6
2,10,4,10,1,1,1,1000,512,10000,2,29,1,1
2,1,2,1000000,10,0,1000,10,512,100,5,0,17051,17051
2,1,4,1000000,10,0,1000,1000,1024,10000,5,29,8540,8540
2,1,4,1000000,10,1,1,10,512,100,2,29,7,7
2,10,2,10,1,1,1000,10,512,100,5,29,286,286
2,10,4,1000000,1,1,1000,10,512,100,5,0,237,237
2,1,2,10,10,1,1,10,512,100,2,29,5,5
4,10,4,1000000,1,1,1000,1000,512,10000,5,29,642,642
2,1,4,1000000,1,1,1,1000,1024,10000,2,0,1,1
4,1,4,1000000,1,1,1000,10,1024,100,2,0,715,715
4,10,2,1000000,1,1,1,1000,512,10000,2,29,3,3
4,10,4,1000000,10,0,1,10,1024,100,5,29,13,13
4,10,2,1000000,1,1,1000,1000,1024,10000,5,0,695,695
2,10,4,10,1,0,1000,10,1024,100,2,0,270,270
2,1,2,1000000,1,0,1,1000,1024,10000,5,29,1,1
4,1,2,1000000,10,1,1,1000,512,10000,2,29,13,13
2,1,2,10,1,1,1000,10,1024,100,5,0,276,276
4,10,4,10,10,1,1000,1000,512,10000,5,0,17878,17878
2,10,2,1000000,10,0,1,1000,1024,10000,5,29,6,6
4,1,2,10,1,1,1000,10,512,100,2,29,798,798
4,10,2,10,1,1,1000,1000,512,10000,5,29,639,639
4,1,4,1000000,1,0,1,10,1024,100,2,0,3,3
4,1,2,1000000,1,0,1000,1000,512,10000,5,0,855,855
4,10,4,10,10,1,1000,10,1024,100,5,0,18055,18055
2,10,2,10,10,0,1000,10,1024,100,5,0,21729,21729
2,10,2,10,1,0,1,1000,1024,10000,5,0,2,2
2,10,2,10,10,1,1,10,512,100,5,0,6,6
2,10,2,10,1,1,1000,1000,1024,10000,2,0,283,283
4,1,4,10,10,0,1000,1000,512,10000,2,0,16566,16566
4,1,4,10,10,1,1000,1000,512,10000,2,0,18147,18147
2,1,2,10,1,1,1000,10,512,100,5,29,260,260
4,1,2,10,10,1,1000,1000,512,10000,2,0,21215,21215
2,1,2,1000000,10,1,1000,1000,1024,10000,5,0,18588,18588
4,10,2,1000000,1,0,1,1000,1024,10000,2,0,3,3
4,10,4,1000000,1,0,1,1000,1024,10000,2,29,3,3
2,10,2,10,10,0,1,1000,512,10000,2,29,5,5
4,10,2,10,10,1,1,1000,512,10000,5,29,14,14
4,1,4,10,10,1,1,10,512,100,2,0,14,14
4,1,4,1000000,10,0,1,10,512,100,2,0,16,16
4,1,4,1000000,1,1,1,10,1024,100,5,0,3,3
4,1,2,1000000,10,0,1,10,512,100,2,0,14,14
4,10,4,10,1,0,1,10,512,100,5,29,3,3
2,1,4,10,10,0,1000,1000,512,10000,2,29,9689,9689
2,1,4,1000000,1,1,1,10,512,100,2,0,1,1
2,10,4,10,1,0,1,1000,1024,10000,5,0,2,2
2,1,4,10,1,0,1,10,1024,100,5,0,2,2
4,1,4,10,10,0,1000,1000,512,10000,2,29,17990,17990
4,10,4,10,10,0,1,1000,1024,10000,2,0,16,16
2,1,4,10,10,0,1,1000,512,10000,5,0,5,5
4,1,4,1000000,10,1,1,1000,512,10000,5,29,14,14
4,1,2,1000000,1,1,1000,1000,1024,10000,2,0,786,786
2,10,2,1000000,1,0,1000,10,1024,100,2,29,260,260
4,10,4,10,10,1,1000,1000,1024,10000,2,29,18100,18100
4,10,4,10,10,1,1000,10,1024,100,2,0,16775,16775
2,10,2,10,10,1,1000,10,512,100,2,29,20473,20473
4,1,4,1000000,10,1,1000,1000,1024,10000,5,0,18565,18565
2,1,4,10,1,0,1,10,1024,100,5,29,2,2
4,1,4,1000000,1,1,1000,1000,1024,10000,5,29,720,720
4,10,2,1000000,10,0,1,10,1024,100,5,0,14,14
4,10,2,1000000,1,1,1,10,1024,100,2,0,3,3
2,10,4,1000000,1,0,1,1000,1024,10000,5,29,1,1
4,1,2,10,1,1,1,10,512,100,5,29,3,3
2,10,4,10,10,0,1,1000,1024,10000,5,0,6,6
4,1,2,10,1,0,1000,1000,512,10000,2,0,1022,1022
4,10,2,10,10,1,1,1000,1024,10000,2,0,17,17
2,1,2,1000000,1,0,1000,10,512,100,2,29,298,298
4,10,4,10,10,1,1000,10,512,100,5,0,25175,25175
2,1,2,1000000,10,1,1,10,1024,100,5,0,5,5
4,10,2,10,10,0,1000,1000,1024,10000,2,0,20638,20638
4,10,4,1000000,10,1,1,1000,512,10000,5,0,13,13
4,10,4,1000000,10,1,1000,10,1024,100,2,0,20472,20472
4,1,2,1000000,10,1,1,10,512,100,5,29,14,14
4,1,4,10,10,1,1000,1000,1024,10000,5,0,18716,18716
2,1,2,1000000,10,0,1,1000,1024,10000,2,0,6,6
4,10,4,10,1,1,1000,10,512,100,5,0,718,718
2,1,2,10,10,0,1,1000,512,10000,5,0,6,6
2,1,4,10,10,0,1,10,1024,100,5,0,6,6
4,10,2,1000000,1,1,1,10,1024,100,2,29,3,3
4,10,2,10,1,1,1,10,512,100,2,0,3,3
4,1,4,10,10,1,1,1000,1024,10000,5,29,15,15
2,1,2,10,10,1,1000,1000,1024,10000,5,29,9957,9957
4,1,4,10,10,0,1,10,512,100,2,0,15,15
4,1,2,1000000,10,1,1,1000,1024,10000,5,0,13,13
4,10,2,10,10,1,1000,1000,512,10000,2,0,19036,19036
4,10,4,10,10,0,1000,10,1024,100,5,0,17239,17239
2,1,4,10,1,0,1000,10,512,100,2,0,252,252
4,10,2,10,10,1,1,10,1024,100,2,0,13,13
4,10,2,10,1,1,1,10,512,100,5,29,3,3
4,1,4,1000000,1,0,1,1000,512,10000,5,29,3,3
2,1,4,1000000,1,0,1,1000,1024,10000,5,0,2,2
2,10,2,1000000,10,1,1,10,1024,100,2,0,6,6
2,10,4,1000000,1,1,1,10,512,100,2,0,2,2
4,10,4,10,1,0,1,1000,1024,10000,5,0,3,3
2,10,4,1000000,1,0,1,1000,512,10000,2,0,2,2
2,10,2,1000000,1,0,1,10,1024,100,5,29,1,1
2,10,2,1000000,10,0,1,10,512,100,2,0,5,5
4,1,2,10,10,1,1000,1000,1024,10000,2,29,18897,18897
4,10,2,1000000,1,1,1000,10,1024,100,2,0,640,640
4,1,2,10,10,1,1,10,1024,100,5,0,12,12
2,10,4,1000000,10,1,1000,1000,1024,10000,2,29,11717,11717
2,10,4,10,1,1,1000,1000,512,10000,2,0,262,262
2,10,2,10,1,0,1000,1000,1024,10000,5,29,298,298
2,10,2,10,1,1,1000,1000,512,10000,5,0,265,265
2,1,4,10,1,0,1000,10,1024,100,5,0,259,259
4,1,4,1000000,10,0,1000,1000,1024,10000,2,29,17670,17670
2,10,4,10,1,1,1000,1000,512,10000,5,29,251,251
2,1,2,1000000,10,1,1000,10,512,100,2,29,13763,13763
4,1,2,1000000,10,1,1000,10,1024,100,5,0,18495,18495
2,10,4,1000000,1,1,1000,1000,1024,10000,2,0,298,298
4,1,4,10,10,0,1,1000,512,10000,5,29,14,14
4,10,2,1000000,1,0,1,1000,512,10000,2,29,3,3
2,10,4,1000000,10,0,1,1000,512,10000,2,0,5,5
2,1,4,1000000,1,0,1,10,512,100,2,29,2,2
4,1,4,10,1,1,1,10,512,100,2,0,3,3
2,10,4,10,10,0,1,10,1024,100,5,0,6,6
2,10,4,10,1,1,1000,1000,1024,10000,2,29,231,231
4,10,4,1000000,10,1,1000,1000,512,10000,2,29,13623,13623
4,1,2,1000000,1,1,1,1000,512,10000,5,29,3,3
4,1,4,10,10,1,1,10,512,100,5,0,12,12
2,10,4,10,1,0,1,10,1024,100,5,29,1,1
4,1,4,1000000,10,0,1,1000,1024,10000,5,0,16,16
2,1,2,10,10,1,1,10,512,100,5,29,5,5
2,1,2,1000000,1,0,1,1000,512,10000,5,0,1,1
4,10,4,1000000,10,1,1,10,512,100,2,29,13,13
2,1,2,10,10,0,1,1000,1024,10000,5,29,5,5
4,10,4,1000000,10,1,1,1000,1024,10000,2,29,13,13
4,10,2,1000000,10,1,1,1000,512,10000,2,0,12,12
2,10,4,1000000,1,1,1,1000,1024,10000,5,29,2,2
2,10,2,10,1,0,1000,10,1024,100,5,0,273,273
4,1,2,1000000,10,0,1000,1000,1024,10000,5,0,15724,15724
4,10,2,10,10,1,1000,10,512,100,2,0,17393,17393
2,10,2,1000000,10,1,1,10,512,100,2,29,5,5
4,10,4,1000000,1,0,1000,10,1024,100,2,29,773,773
2,10,2,10,10,0,1,1000,1024,10000,5,0,5,5
4,10,4,1000000,10,0,1,1000,512,10000,5,29,15,15
2,1,2,10,10,0,1,10,1024,100,2,29,6,6
2,1,2,1000000,1,0,1000,10,1024,100,5,0,417,417
2,1,2,1000000,1,0,1,1000,1024,10000,5,0,2,2
2,1,4,1000000,1,0,1000,1000,512,10000,5,29,268,268
2,10,2,10,1,1,1000,1000,1024,10000,5,0,316,316
2,1,4,1000000,10,0,1,10,512,100,2,29,6,6
4,10,2,1000000,1,1,1,1000,1024,10000,2,29,3,3
2,1,4,1000000,10,0,1000,10,1024,100,5,0,9697,9697
2,10,2,10,10,0,1000,1000,512,10000,2,0,20907,20907
4,1,2,1000000,1,1,1,1000,512,10000,5,0,3,3
2,1,4,1000000,10,1,1,1000,512,10000,2,29,6,6
2,1,2,1000000,1,1,1000,10,512,100,2,29,265,265
2,10,2,1000000,10,0,1,10,1024,100,5,0,6,6
4,1,4,10,1,1,1000,1000,512,10000,2,29,659,659
2,1,4,10,10,1,1000,1000,512,10000,2,29,10065,10065
4,10,2,1000000,1,1,1000,1000,512,10000,2,0,712,712
2,1,4,1000000,10,1,1000,1000,512,10000,2,29,8698,8698
4,1,2,10,10,1,1000,1000,1024,10000,5,29,22088,22088
4,1,4,1000000,1,1,1,10,1024,100,5,29,3,3
2,10,2,10,10,0,1000,1000,1024,10000,5,29,21333,21333
2,1,4,10,1,0,1,1000,1024,10000,5,29,2,2
2,1,4,1000000,10,1,1,10,1024,100,5,29,6,6
4,10,2,10,1,1,1000,1000,512,10000,2,0,959,959
2,1,2,10,1,0,1000,10,1024,100,2,29,270,270
4,1,2,10,1,1,1000,10,1024,100,2,0,629,629
4,10,4,1000000,1,1,1000,1000,1024,10000,2,29,743,743
4,10,2,10,10,1,1000,1000,1024,10000,2,0,20696,20696
4,10,2,10,1,0,1,10,512,100,5,0,3,3
2,10,2,1000000,1,0,1,1000,1024,10000,2,29,1,1
2,1,4,1000000,10,1,1,1000,1024,10000,5,0,6,6
4,1,2,1000000,1,0,1,10,512,100,2,0,3,3
2,10,4,10,1,1,1000,10,1024,100,5,29,287,287
4,10,2,10,10,1,1000,10,1024,100,5,0,17710,17710
4,10,4,10,1,1,1,10,1024,100,5,29,3,3
4,1,2,10,1,1,1000,1000,512,10000,5,0,739,739
4,10,4,10,10,1,1,1000,512,10000,2,0,14,14
2,10,4,10,10,1,1,1000,512,10000,2,0,5,5
2,10,2,1000000,10,0,1,10,1024,100,5,29,5,5
4,1,4,10,10,1,1000,10,512,100,2,0,17183,17183
2,1,4,10,10,1,1,1000,512,10000,5,29,6,6
4,10,2,10,1,0,1000,10,1024,100,5,29,659,659
2,10,2,10,10,0,1000,1000,512,10000,2,29,23421,23421
2,1,4,10,10,1,1000,10,1024,100,2,29,9888,9888
4,10,4,10,1,0,1,10,1024,100,5,0,5,5
4,1,4,10,1,1,1000,1000,512,10000,5,0,714,714
2,10,2,1000000,1,0,1,1000,512,10000,2,29,2,2
4,10,4,1000000,10,0,1000,1000,512,10000,2,29,19777,19777
2,10,4,10,10,0,1,10,1024,100,5,29,6,6
2,10,2,10,1,1,1,10,1024,100,5,29,2,2
4,1,4,1000000,1,1,1,1000,1024,10000,5,0,3,3
2,10,2,1000000,10,0,1,1000,512,10000,5,29,5,5
4,10,4,1000000,1,0,1000,10,512,100,2,29,573,573
4,1,4,1000000,1,0,1000,1000,512,10000,2,0,808,808
4,10,4,10,10,0,1000,1000,512,10000,5,0,23198,23198
4,1,4,10,10,1,1,1000,1024,10000,2,29,13,13
4,10,4,1000000,10,0,1000,10,1024,100,2,29,14971,14971
4,1,4,1000000,10,1,1,1000,1024,10000,5,0,18,18
2,1,2,1000000,1,1,1000,1000,1024,10000,2,29,285,285
2,1,4,1000000,1,0,1000,10,1024,100,5,29,301,301
2,1,2,10,10,1,1,1000,1024,10000,2,0,8,8
4,10,4,1000000,10,1,1000,10,512,100,2,29,16653,16653
2,1,2,10,10,0,1000,10,512,100,2,0,21991,21991
4,1,2,10,1,0,1000,10,1024,100,2,29,703,703
4,1,4,10,1,0,1,10,512,100,2,29,3,3
4,10,2,10,1,0,1000,10,512,100,5,0,633,633
2,1,2,1000000,1,1,1000,1000,512,10000,5,29,272,272
2,1,2,10,10,1,1,1000,1024,10000,5,0,6,6
4,1,2,1000000,1,0,1000,10,1024,100,5,29,827,827
2,10,2,10,1,1,1000,10,512,100,5,0,285,285
4,10,2,1000000,10,1,1,10,1024,100,2,29,13,13
4,10,4,10,1,1,1,1000,512,10000,5,29,3,3
2,1,2,10,10,1,1000,1000,512,10000,2,0,17582,17582
2,10,2,1000000,10,0,1,10,512,100,5,0,6,6
2,1,2,10,10,1,1,1000,512,10000,2,29,6,6
2,1,4,10,1,1,1000,10,1024,100,5,29,307,307
2,10,4,10,10,0,1000,10,512,100,2,29,13836,13836
4,1,2,10,1,1,1,10,1024,100,2,29,3,3
4,1,2,1000000,1,0,1000,1000,1024,10000,5,29,595,595
2,1,2,10,10,1,1000,1000,1024,10000,2,0,21071,21071
2,1,4,1000000,1,1,1000,10,1024,100,2,29,292,292
4,1,2,10,1,0,1,10,1024,100,2,0,3,3
4,1,4,10,1,0,1000,1000,512,10000,5,29,706,706
2,10,2,10,1,1,1,1000,1024,10000,5,0,1,1
2,1,2,1000000,10,0,1000,1000,1024,10000,5,29,21843,21843
2,1,4,1000000,10,0,1000,10,512,100,2,0,12709,12709
4,1,2,1000000,10,0,1000,1000,512,10000,2,29,23440,23440
2,10,2,1000000,10,0,1000,1000,1024,10000,2,0,18718,18718
4,10,4,10,1,1,1000,10,1024,100,2,0,754,754
2,10,4,1000000,1,1,1000,1000,512,10000,2,0,301,301
2,10,2,10,1,0,1,1000,1024,10000,2,0,1,1
4,1,4,1000000,1,1,1,10,512,100,2,29,3,3
4,1,4,10,1,0,1,1000,1024,10000,5,0,3,3
2,10,2,1000000,1,0,1000,1000,1024,10000,5,0,298,298
2,10,2,10,10,0,1000,10,512,100,2,0,21309,21309
4,10,2,10,1,1,1,1000,512,10000,2,29,3,3
4,1,2,10,1,1,1,1000,512,10000,2,29,3,3
2,1,2,1000000,10,0,1000,10,1024,100,2,29,12342,12342
4,1,4,1000000,1,1,1000,1000,512,10000,5,0,709,709
2,1,4,10,1,0,1000,1000,1024,10000,5,0,260,260
4,1,2,1000000,10,0,1000,10,1024,100,2,29,19681,19681
4,10,2,10,10,0,1,10,512,100,2,29,14,14
2,10,4,10,10,0,1000,10,512,100,5,0,9316,9316
2,1,2,10,10,0,1,10,1024,100,2,0,5,5
2,1,2,1000000,10,0,1,10,1024,100,5,29,5,5
4,1,2,1000000,1,1,1000,10,1024,100,2,29,615,615
2,10,2,10,10,1,1000,10,1024,100,2,29,15786,15786
2,1,4,10,1,1,1000,10,1024,100,2,0,274,274
2,1,4,10,1,1,1000,10,512,100,2,29,292,292
4,10,2,10,10,1,1,10,512,100,2,29,13,13
2,10,2,10,1,0,1000,1000,512,10000,2,0,346,346
2,1,4,10,1,0,1,10,1024,100,2,29,2,2
2,10,4,10,10,1,1000,10,1024,100,5,0,8477,8477
4,1,2,10,10,1,1,1000,512,10000,2,29,13,13
4,1,4,10,1,1,1000,1000,512,10000,5,29,674,674
4,10,2,10,1,0,1000,10,512,100,2,0,724,724
2,10,2,10,10,1,1,1000,1024,10000,2,29,6,6
4,10,2,1000000,10,1,1,10,512,100,5,0,13,13
4,1,2,10,1,1,1,1000,512,10000,2,0,3,3
4,10,4,1000000,10,0,1000,10,512,100,5,29,16474,16474
4,1,2,1000000,1,1,1,10,1024,100,5,29,3,3
4,10,2,10,10,1,1000,10,512,100,5,0,17315,17315
4,1,2,10,1,1,1,10,512,100,2,0,3,3
4,10,4,1000000,1,0,1,1000,512,10000,5,0,3,3
4,1,4,10,1,1,1000,1000,1024,10000,5,29,863,863
2,1,4,1000000,1,0,1000,1000,1024,10000,5,29,318,318
4,1,2,10,10,0,1,1000,512,10000,5,29,14,14
2,1,4,1000000,10,0,1,1000,1024,10000,5,0,6,6
2,10,4,1000000,10,1,1000,1000,1024,10000,5,0,15114,15114
4,1,2,10,1,0,1,10,512,100,2,29,3,3
2,10,4,10,10,1,1000,10,1024,100,2,0,10888,10888
4,1,4,10,10,1,1,1000,512,10000,5,29,13,13
4,1,2,10,1,0,1,10,1024,100,5,29,3,3
2,1,4,10,1,1,1,10,512,100,5,0,2,2
4,10,2,1000000,1,1,1,10,1024,100,5,0,3,3
4,10,2,10,10,0,1,10,1024,100,5,0,14,14
2,10,4,10,1,1,1,10,1024,100,2,0,2,2
4,1,4,1000000,1,0,1000,1000,1024,10000,2,0,780,780
4,10,2,1000000,1,1,1000,10,1024,100,2,29,860,860
2,10,2,10,10,1,1,10,1024,100,5,0,6,6
2,10,4,10,10,0,1000,10,512,100,5,29,13703,13703
4,1,4,1000000,10,0,1000,1000,512,10000,2,29,18096,18096
2,1,2,10,10,1,1000,1000,512,10000,5,29,21252,21252
4,10,4,10,1,1,1000,10,512,100,5,29,870,870
4,10,4,10,1,1,1000,10,1024,100,5,29,690,690
4,1,2,1000000,10,1,1000,10,1024,100,2,0,26305,26305
2,1,2,1000000,10,0,1,10,1024,100,5,0,5,5
2,1,4,10,10,0,1000,10,1024,100,2,29,10291,10291
4,10,4,1000000,10,0,1000,10,512,100,2,29,16380,16380
4,10,2,10,10,0,1000,1000,512,10000,2,29,19266,19266
4,1,4,10,10,0,1000,1000,512,10000,5,29,16448,16448
2,10,4,10,10,0,1,1000,512,10000,5,0,6,6
4,10,4,10,10,1,1000,10,512,100,5,29,18837,18837
2,10,4,1000000,1,1,1000,10,1024,100,2,29,298,298
2,10,2,1000000,10,1,1000,1000,512,10000,2,0,15810,15810
2,1,4,1000000,10,0,1000,1000,512,10000,2,0,7590,7590
4,10,2,10,10,0,1,1000,512,10000,5,29,14,14
4,1,2,10,1,1,1000,1000,1024,10000,5,0,655,655
2,10,2,1000000,1,1,1000,1000,512,10000,5,29,251,251
2,1,4,10,10,0,1000,10,512,100,2,29,13938,13938
2,1,2,1000000,10,0,1,1000,1024,10000,2,29,6,6
4,1,2,10,10,1,1,1000,1024,10000,2,0,14,14
2,1,4,1000000,10,0,1000,10,1024,100,5,29,13170,13170
4,1,4,10,1,0,1,10,512,100,5,29,3,3
4,10,2,10,1,1,1000,10,1024,100,2,29,638,638
2,10,4,1000000,1,0,1,10,1024,100,5,0,2,2
2,10,2,10,10,0,1,10,512,100,2,29,6,6
4,10,4,10,1,0,1,10,1024,100,5,29,3,3
2,10,4,10,10,1,1,1000,1024,10000,2,29,6,6
2,1,4,10,1,1,1,10,1024,100,5,29,1,1
2,10,2,10,10,0,1000,1000,512,10000,5,0,30167,30167
2,10,2,1000000,1,1,1,10,1024,100,2,29,1,1
4,10,4,1000000,1,1,1,10,1024,100,5,29,3,3
2,10,4,1000000,1,0,1000,10,512,100,2,29,248,248
4,1,2,1000000,10,1,1,1000,1024,10000,2,29,14,14
2,1,2,1000000,1,0,1000,1000,1024,10000,5,29,348,348
4,1,2,10,10,0,1,1000,1024,10000,2,29,15,15
2,10,4,1000000,10,0,1,10,1024,100,2,29,7,7
4,1,2,10,10,1,1,1000,512,10000,5,0,18,18
4,10,2,1000000,10,1,1,10,512,100,2,29,13,13
2,10,4,10,10,1,1000,1000,1024,10000,5,29,9303,9303
2,10,2,1000000,1,0,1,1000,512,10000,5,29,2,2
2,10,4,1000000,10,1,1,10,1024,100,5,29,6,6
2,10,2,10,1,0,1000,1000,1024,10000,2,29,319,319
4,10,2,1000000,10,1,1000,10,512,100,5,0,17126,17126
2,1,4,1000000,1,1,1,1000,512,10000,2,0,2,2
2,1,2,1000000,10,1,1,1000,1024,10000,2,0,5,5
2,1,4,1000000,1,0,1,1000,1024,10000,5,29,1,1
2,1,2,1000000,10,1,1000,10,1024,100,5,29,17283,17283
2,1,4,1000000,1,1,1000,10,512,100,2,29,241,241
4,10,4,10,1,1,1,10,1024,100,5,0,3,3
4,10,2,10,10,1,1000,1000,1024,10000,5,0,18054,18054
2,10,2,1000000,1,0,1000,10,1024,100,2,0,324,324
4,10,2,10,1,1,1,10,1024,100,2,29,3,3
4,10,4,10,10,0,1000,10,512,100,2,0,17303,17303
2,10,4,10,10,1,1,10,1024,100,5,0,5,5
2,1,2,10,10,0,1000,10,1024,100,2,0,21532,21532
2,1,4,1000000,1,1,1,10,512,100,5,29,2,2
2,1,4,1000000,1,1,1000,10,1024,100,5,0,258,258
2,1,2,1000000,1,0,1000,1000,1024,10000,2,29,292,292
4,10,2,1000000,10,0,1000,1000,1024,10000,2,29,19725,19725
2,1,2,1000000,1,1,1000,10,512,100,5,0,242,242
2,10,2,10,1,0,1000,10,1024,100,5,29,413,413
2,1,2,1000000,10,1,1,10,512,100,2,0,6,6
2,10,2,1000000,1,0,1,1000,512,10000,5,0,1,1
2,10,2,10,10,1,1000,10,1024,100,5,0,16051,16051
2,10,4,10,1,0,1000,10,512,100,2,0,303,303
4,10,2,1000000,1,0,1000,10,1024,100,2,0,711,711
4,1,2,10,1,1,1,1000,512,10000,5,0,3,3
4,10,2,1000000,10,1,1,10,1024,100,5,29,13,13
4,1,4,1000000,10,1,1000,1000,1024,10000,5,29,16811,16811
2,1,4,1000000,1,0,1,10,512,100,2,0,2,2
4,10,2,10,10,1,1000,1000,1024,10000,2,29,19220,19220
4,10,4,10,10,1,1,10,512,100,2,29,14,14
2,1,4,10,10,0,1,1000,512,10000,2,0,5,5
2,1,4,1000000,10,1,1000,10,512,100,5,29,12864,12864
4,1,4,1000000,1,1,1,1000,512,10000,2,0,3,3
2,1,2,1000000,1,1,1000,10,512,100,5,29,297,297
2,1,4,10,10,0,1000,1000,1024,10000,2,29,10298,10298
2,1,2,1000000,10,0,1000,1000,512,10000,2,29,18284,18284
4,1,4,1000000,1,1,1,1000,1024,10000,2,29,3,3
2,10,2,10,10,1,1,1000,512,10000,5,0,6,6
2,1,2,10,1,1,1,10,512,100,5,29,1,1
4,10,2,10,10,1,1,10,1024,100,5,29,14,14
4,10,2,10,10,1,1,1000,1024,10000,5,0,12,12
2,1,4,1000000,1,1,1,1000,1024,10000,5,29,2,2
4,1,4,10,1,0,1000,1000,1024,10000,2,29,901,901
2,1,4,1000000,10,0,1000,10,512,100,5,0,8561,8561
4,1,4,10,1,0,1000,10,1024,100,5,29,658,658
2,1,4,10,1,0,1,1000,1024,10000,2,0,2,2
4,10,4,1000000,10,0,1,1000,512,10000,2,29,15,15
2,10,4,10,10,1,1000,1000,1024,10000,2,29,7508,7508
4,1,2,1000000,1,0,1,1000,512,10000,2,29,3,3
2,1,4,10,10,1,1,1000,1024,10000,2,0,6,6
2,1,2,10,10,0,1000,1000,512,10000,5,0,20522,20522
2,10,4,1000000,1,1,1000,10,512,100,2,0,239,239
2,1,4,10,1,0,1,10,1024,100,2,0,1,1
4,1,4,1000000,1,0,1000,10,512,100,5,0,671,671
4,10,4,10,10,1,1,10,1024,100,2,0,14,14
4,1,2,10,10,1,1,10,512,100,2,29,12,12
2,1,4,1000000,10,1,1,1000,1024,10000,2,0,6,6
2,10,2,1000000,1,0,1000,1000,512,10000,2,29,270,270
2,10,4,10,10,1,1,10,512,100,5,0,6,6
4,1,2,1000000,10,1,1000,1000,512,10000,5,0,21555,21555
2,1,4,1000000,10,1,1000,1000,1024,10000,5,0,11703,11703
2,1,2,10,10,1,1000,10,512,100,5,0,10841,10841
2,10,2,10,1,1,1,10,512,100,5,29,1,1
2,1,2,10,1,1,1,1000,1024,10000,2,29,2,2
2,1,4,10,10,0,1000,1000,1024,10000,2,0,9061,9061
4,10,4,1000000,10,0,1,1000,512,10000,2,0,14,14
4,1,2,10,10,0,1,1000,1024,10000,5,29,17,17
4,1,4,1000000,1,1,1,1000,512,10000,5,29,3,3
2,1,2,10,10,1,1000,1000,1024,10000,5,0,19270,19270
2,10,2,1000000,1,0,1,10,512,100,2,29,2,2
4,10,4,1000000,10,0,1000,1000,1024,10000,2,0,16704,16704
4,1,2,1000000,1,1,1000,1000,1024,10000,5,0,933,933
4,1,4,10,1,1,1000,1000,512,10000,2,0,703,703
4,1,2,10,10,0,1000,1000,1024,10000,5,0,17956,17956
4,1,2,1000000,10,0,1000,1000,1024,10000,2,29,22511,22511
4,1,2,1000000,1,1,1,1000,1024,10000,5,0,3,3
2,1,4,1000000,10,1,1000,1000,512,10000,2,0,10036,10036
2,1,4,10,10,0,1000,10,1024,100,2,0,9153,9153
4,1,4,1000000,10,1,1000,1000,1024,10000,2,0,17191,17191
4,10,4,1000000,1,0,1000,1000,512,10000,5,29,787,787
2,1,2,10,1,0,1,1000,1024,10000,2,29,1,1
4,1,4,1000000,10,1,1000,10,512,100,2,0,15492,15492
4,10,4,10,10,0,1000,10,512,100,2,29,19649,19649
4,10,2,10,1,1,1000,1000,1024,10000,2,0,749,749
4,10,4,1000000,10,1,1,10,1024,100,5,29,13,13
4,1,4,10,1,1,1000,10,1024,100,5,0,659,659
4,1,4,10,10,0,1,10,1024,100,2,0,15,15